data,cliente_id,produto_id,quantidade,preco,receita
2023-04-13,147,36,4,73.84446703786517,295.3778681514607
2024-03-11,36,20,4,95.39613602480173,381.58454409920694
2023-09-28,29,4,1,12.827963936014564,12.827963936014564
2023-04-17,188,7,3,76.25803825546858,228.77411476640572
2023-03-13,82,1,1,39.72185014027648,39.72185014027648
2023-01-21,2,44,3,91.54592971177287,274.6377891353186
2023-05-02,129,45,4,34.000767699577985,136.00307079831194
2024-04-11,47,42,1,75.23708493835153,75.23708493835153
2023-08-03,197,47,3,88.98823176857033,266.96469530571096
2023-11-27,148,13,2,13.749113654441418,27.498227308882836
2024-04-03,11,22,3,45.78828216328325,137.36484648984975
2023-03-29,130,21,1,78.60781288197448,78.60781288197448
2024-01-08,195,22,2,50.942700055682835,101.88540011136567
2023-04-10,119,28,3,34.05273668142358,102.15821004427075
2023-05-11,140,9,3,29.782481394087103,89.34744418226131
2023-11-05,20,26,3,21.83664402247401,65.50993206742203
2023-12-10,5,9,3,87.1416603870654,261.42498116119623
2024-05-06,37,15,3,61.78198629264004,185.3459588779201
2024-02-18,166,10,2,16.874645049231038,33.749290098462076
2024-01-21,137,24,4,44.43222912135719,177.72891648542875
2023-07-11,53,42,2,43.09602857245989,86.19205714491979
2023-10-04,172,8,2,26.35652716385167,52.71305432770334
2023-06-10,99,24,2,49.195686292497165,98.39137258499433
2024-04-04,86,16,4,39.88894288538228,159.5557715415291
2023-11-10,108,49,1,40.76233349429643,40.76233349429643
2023-01-22,24,26,4,76.51239020091629,306.04956080366514
2023-09-10,81,27,2,30.093704695467668,60.187409390935336
2024-07-14,158,37,3,67.76739629698199,203.30218889094596
2024-04-19,120,4,3,61.35846614928414,184.07539844785242
2023-02-28,59,50,2,61.128326110408054,122.25665222081611
2024-05-25,128,24,3,69.67066115275983,209.0119834582795
2024-04-20,114,19,2,59.35438325760886,118.70876651521772
2023-07-09,115,36,3,89.13296033617462,267.39888100852386
2024-07-16,14,39,4,70.80220827552338,283.20883310209354
2024-07-20,9,10,1,59.22669262342493,59.22669262342493
2023-09-01,40,25,1,84.67868082588804,84.67868082588804
2024-05-19,194,18,4,64.55319084401317,258.2127633760527
2023-05-11,25,19,4,36.20298230066611,144.81192920266443
2024-04-29,103,36,2,28.638542635891408,57.277085271782816
2023-01-21,22,10,2,23.70950070964109,47.41900141928218
2023-06-16,4,33,2,90.95096912914914,181.9019382582983
2023-10-01,154,50,3,73.91218886182592,221.73656658547776
2024-01-23,186,5,2,94.36405943478887,188.72811886957774
2023-11-12,29,47,4,64.29626251434487,257.1850500573795
2023-01-14,109,49,1,52.60607933454213,52.60607933454213
2023-08-30,98,35,3,15.37448400738004,46.12345202214012
2023-12-12,37,44,2,70.44780533914269,140.89561067828538
2024-07-18,75,34,3,62.398788379140804,187.19636513742242
2023-12-06,70,33,3,99.11880042288593,297.3564012686578
2023-04-02,146,21,2,31.524290000401873,63.048580000803746
2024-01-02,128,17,3,57.76636197581523,173.29908592744567
2024-03-30,85,22,1,68.58616016062653,68.58616016062653
2024-03-03,42,48,4,68.01320572681092,272.0528229072437
2024-05-23,100,37,4,60.51641886535624,242.06567546142497
2023-02-04,41,15,1,79.92352092945029,79.92352092945029
2023-07-25,166,35,3,28.44830885741348,85.34492657224044
2023-03-22,34,28,2,75.30644802469743,150.61289604939486
2024-07-15,17,7,3,65.77611142897803,197.32833428693408
2024-01-23,165,32,1,90.6467600615116,90.6467600615116
2023-01-02,153,11,3,86.24749951302235,258.742498539067
2024-01-25,122,10,4,38.36323352192979,153.45293408771917
2024-07-19,76,9,3,34.86135924776377,104.58407774329132
2023-04-16,87,14,1,98.34879914672031,98.34879914672031
2024-04-21,117,13,4,57.45386628237309,229.81546512949237
2024-02-06,106,25,3,91.57788675229932,274.73366025689796
2024-07-09,86,2,3,24.749292140243398,74.2478764207302
2023-06-11,27,35,4,67.85370233201569,271.41480932806274
2023-07-21,57,7,2,82.88741686245275,165.7748337249055
2023-09-27,31,21,4,95.26557246278021,381.06228985112085
2023-09-28,134,18,2,40.36061269153211,80.72122538306422
2024-03-31,168,3,1,75.24830529316472,75.24830529316472
2024-04-06,98,42,1,58.49317081356571,58.49317081356571
2023-09-09,12,39,4,15.456603345982138,61.82641338392855
2023-10-23,53,41,4,72.0999763578049,288.3999054312196
2023-12-04,199,49,1,72.10869024140591,72.10869024140591
2023-02-22,138,11,2,93.75461243618832,187.50922487237665
2023-08-05,173,39,1,54.758120155207514,54.758120155207514
2023-07-07,145,24,4,30.72258286394632,122.89033145578529
2024-01-15,154,46,1,14.010744110381124,14.010744110381124
2024-05-07,190,19,4,47.407796801731514,189.63118720692606
2023-02-10,122,4,4,37.17250300697516,148.69001202790065
2023-06-06,46,26,1,78.49794754214881,78.49794754214881
2023-01-15,64,38,2,41.884098835694196,83.76819767138839
2023-03-06,130,42,3,95.41640766833595,286.2492230050078
2024-06-04,54,32,1,96.60791826890058,96.60791826890058
2023-12-10,107,39,3,65.88177311959373,197.6453193587812
2023-05-09,193,45,1,93.57942583133946,93.57942583133946
2024-04-16,51,46,3,78.47689100630461,235.43067301891384
2023-03-04,181,36,2,59.21736768776135,118.4347353755227
2023-05-19,36,40,2,26.22771418805003,52.45542837610006
2024-05-13,115,37,1,51.2738149162456,51.2738149162456
2024-01-27,26,33,4,60.47870170263558,241.91480681054233
2024-02-23,29,36,3,87.75654226615092,263.26962679845275
2023-10-16,149,3,4,53.32000388820984,213.28001555283936
2024-01-14,11,9,4,90.7907205410161,363.1628821640644
2024-05-04,40,8,4,70.6914081121122,282.7656324484488
2023-08-19,11,33,2,22.329915674830424,44.65983134966085
2023-02-10,164,6,1,99.54832323925837,99.54832323925837
2023-01-28,113,41,1,57.45093946785214,57.45093946785214
2023-05-15,187,39,2,45.2672466768171,90.5344933536342
2023-07-20,39,4,2,69.32023880225739,138.64047760451479
2023-02-02,54,13,1,19.800398258293516,19.800398258293516
2023-02-17,98,49,4,67.28847820780189,269.15391283120755
2024-05-17,55,2,3,54.841240044934565,164.52372013480368
2024-02-11,111,5,3,46.60066629987248,139.80199889961744
2024-07-27,152,44,3,95.77180190610092,287.31540571830277
2023-04-09,150,27,4,57.02857450588479,228.11429802353916
2024-06-30,69,32,1,29.72057315229446,29.72057315229446
2024-04-06,56,21,2,51.30671314395688,102.61342628791375
2023-01-05,33,8,1,92.74486641154054,92.74486641154054
2023-08-06,36,38,4,25.84859241975352,103.39436967901408
2024-05-17,148,8,2,29.256133481941323,58.512266963882645
2024-02-02,81,50,4,11.172661098137537,44.69064439255015
2024-01-28,190,3,3,11.277104445619045,33.831313336857136
2023-07-26,109,44,3,84.64524642626613,253.9357392787984
2023-01-15,154,3,4,75.89103461586602,303.5641384634641
2024-07-07,194,22,2,41.95369508067624,83.90739016135248
2024-04-05,73,6,2,72.84800415048156,145.69600830096311
2024-07-28,40,2,1,45.56853336789732,45.56853336789732
2023-08-29,17,23,3,95.76071163980447,287.2821349194134
2024-07-17,129,44,1,97.03474132834313,97.03474132834313
2023-04-06,61,2,1,45.3514398228409,45.3514398228409
2024-04-29,171,38,4,86.87997157067812,347.5198862827125
2024-02-11,104,17,4,79.57801375277195,318.3120550110878
2023-08-19,42,35,1,37.89999434546104,37.89999434546104
2023-06-20,25,34,3,30.88358460109954,92.65075380329861
2024-06-24,39,23,4,51.24111853535504,204.96447414142017
2023-02-05,35,30,1,80.32139565529656,80.32139565529656
2024-06-08,131,8,1,96.41510062558709,96.41510062558709
2023-06-09,108,22,1,78.72211619799153,78.72211619799153
2023-08-31,172,44,1,86.9686286516533,86.9686286516533
2023-03-27,179,36,1,64.27578755534648,64.27578755534648
2024-07-10,102,5,1,85.18670477579133,85.18670477579133
2024-07-27,98,13,4,80.5978772203076,322.3915088812304
2023-01-28,12,29,3,43.928698773365205,131.78609632009562
2024-07-09,19,31,1,59.6791271908649,59.6791271908649
2023-12-06,101,47,2,82.42778097907254,164.85556195814507
2023-11-27,44,16,4,14.145106077096074,56.580424308384295
2024-05-20,187,42,4,82.7271354120247,330.9085416480988
2023-12-14,49,30,1,26.00993116441211,26.00993116441211
2024-04-17,189,16,4,56.32152554092951,225.28610216371803
2023-08-19,17,12,1,82.74478956003439,82.74478956003439
2023-07-09,74,17,3,32.84389703410254,98.53169110230762
2023-08-13,57,16,3,32.122669537553776,96.36800861266133
2024-01-20,55,12,4,46.248795861602666,184.99518344641066
2024-01-12,47,8,4,90.5178517819871,362.0714071279484
2023-10-10,12,20,2,10.03985032934871,20.07970065869742
2023-09-16,62,3,4,91.12447869777415,364.4979147910966
2023-12-25,80,16,2,23.8426322177447,47.6852644354894
2024-03-31,83,30,3,99.10777384607339,297.32332153822017
2024-02-15,8,45,3,95.93622937346213,287.80868812038636
2023-11-14,149,23,1,54.5207670632155,54.5207670632155
2023-08-13,81,28,3,56.144822303136536,168.4344669094096
2023-08-22,118,40,2,53.339440624826885,106.67888124965377
2024-01-09,198,5,4,67.18992810935703,268.7597124374281
2024-04-16,200,20,1,18.164953201143796,18.164953201143796
2023-08-21,25,40,2,12.935615350740985,25.87123070148197
2023-04-23,89,44,4,15.193263557430896,60.773054229723584
2024-05-11,12,1,1,49.99288143173629,49.99288143173629
2024-03-17,143,30,3,34.7993145297535,104.3979435892605
2024-07-17,59,21,2,65.98356061338944,131.9671212267789
2023-09-25,154,20,4,99.31980604373011,397.27922417492044
2024-05-24,109,6,1,44.769085576881935,44.769085576881935
2024-01-21,26,22,1,61.6457128694062,61.6457128694062
2024-01-22,47,18,3,47.40435063166019,142.2130518949806
2023-04-23,32,8,4,86.25445009496734,345.01780037986936
2023-03-22,10,39,3,91.20127631160143,273.6038289348043
2023-04-23,16,32,3,88.9620050984734,266.8860152954202
2023-01-02,199,33,4,97.69350148113318,390.77400592453273
2023-08-08,145,16,4,12.476726662637375,49.9069066505495
2024-07-19,151,12,4,85.58345459309778,342.33381837239114
2023-08-13,26,38,2,77.6594955735184,155.3189911470368
2024-01-20,86,34,4,30.582496846032832,122.32998738413133
2024-02-07,135,14,1,96.06880840487747,96.06880840487747
2023-05-10,14,36,3,23.33601354069509,70.00804062208528
2023-02-22,79,33,2,71.15949344205175,142.3189868841035
2024-02-20,117,23,4,30.240119513432123,120.9604780537285
2023-09-04,7,50,2,48.82425838966672,97.64851677933343
2024-03-14,137,45,4,74.7243907250112,298.8975629000448
2023-07-22,115,2,2,60.6992177829742,121.3984355659484
2023-07-03,176,41,3,48.47516481953005,145.42549445859015
2023-05-03,72,21,3,39.370458783878846,118.11137635163654
2024-02-05,59,2,1,85.56936901379113,85.56936901379113
2023-10-21,82,27,1,22.943291528333233,22.943291528333233
2023-10-07,116,9,4,48.709258887682005,194.83703555072802
2023-07-17,167,1,3,91.3381814597628,274.0145443792884
2024-05-25,146,11,2,86.1264595413971,172.2529190827942
2023-05-24,187,3,2,46.0847586225742,92.1695172451484
2023-07-20,103,23,2,78.67975272411775,157.3595054482355
2023-05-04,17,26,1,84.08447476379733,84.08447476379733
2023-07-06,14,4,2,89.99986816032667,179.99973632065334
2023-11-22,159,18,1,59.00551921443052,59.00551921443052
2024-04-08,152,6,1,28.40147974492406,28.40147974492406
2023-12-15,108,35,4,32.977816885353846,131.91126754141538
2024-02-07,188,22,2,36.61252066374438,73.22504132748875
2023-12-12,45,43,2,63.4422232728654,126.8844465457308
2024-05-25,98,15,3,12.95286617157476,38.85859851472428
2023-05-27,131,22,4,67.24382219019714,268.97528876078854
2023-05-28,37,37,3,42.79188145854088,128.37564437562264
2024-05-03,171,42,4,36.5717622240678,146.2870488962712
2024-07-04,168,12,2,89.15469136553138,178.30938273106275
2023-12-04,183,47,1,51.4002156022719,51.4002156022719
2024-04-17,108,49,1,18.55477409794235,18.55477409794235
2023-05-31,39,42,1,84.40720912236223,84.40720912236223
2024-02-19,15,38,1,14.287713169285594,14.287713169285594
2023-10-25,120,18,1,75.4074301751377,75.4074301751377
2023-09-20,4,45,3,79.65155995935986,238.95467987807956
2023-05-24,93,35,4,41.73423453359723,166.93693813438892
2023-12-12,153,30,2,84.2309070650008,168.4618141300016
2024-07-25,141,24,3,56.40934652708081,169.22803958124243
2023-01-02,161,42,4,51.696428794551714,206.78571517820686
2023-10-31,16,30,1,14.08629533218233,14.08629533218233
2023-09-11,170,14,4,36.10262742840153,144.41050971360613
2024-03-28,108,6,4,93.79089737967698,375.1635895187079
2023-02-06,126,3,1,45.264156695515,45.264156695515
2023-06-09,194,16,1,59.203046850109146,59.203046850109146
2023-01-09,55,7,1,57.88195110858266,57.88195110858266
2023-08-21,170,14,2,63.1387980840424,126.2775961680848
2023-04-09,34,9,1,15.519786007895435,15.519786007895435
2023-07-27,158,15,2,42.59586293188555,85.1917258637711
2023-05-11,13,21,1,75.08154464942987,75.08154464942987
2024-02-08,141,35,2,28.050422596568463,56.10084519313693
2023-06-01,18,2,4,28.322053979172438,113.28821591668975
2023-02-23,160,27,3,10.908154602012225,32.724463806036674
2023-04-30,96,2,4,49.37337339473888,197.4934935789555
2024-02-24,123,35,4,89.44609426060798,357.7843770424319
2024-02-26,39,18,1,14.671084922857812,14.671084922857812
2023-04-14,46,14,2,27.200683854640236,54.40136770928047
2023-09-11,29,20,3,37.90760845084796,113.72282535254388
2023-08-15,190,18,1,75.85522629077916,75.85522629077916
2023-04-22,62,10,1,67.65720335223278,67.65720335223278
2024-05-24,185,25,1,47.434951412366956,47.434951412366956
2024-04-17,16,2,4,78.31620453325381,313.26481813301524
2023-04-09,184,25,2,64.86679104912118,129.73358209824235
2023-06-02,121,33,2,90.64367196914972,181.28734393829944
2023-12-04,10,36,3,83.62240742248237,250.86722226744712
2023-06-12,158,31,2,32.75322454802805,65.5064490960561
2023-06-10,153,14,2,34.42947198707802,68.85894397415603
2024-02-02,103,1,1,21.282082821314706,21.282082821314706
2023-10-04,84,46,1,40.32682531457108,40.32682531457108
2024-05-18,133,16,4,99.95895268471848,399.83581073887393
2024-01-27,65,46,1,46.51760517535549,46.51760517535549
2023-05-15,177,3,1,29.843959122019577,29.843959122019577
2023-07-14,3,35,1,78.62345960279977,78.62345960279977
2024-02-05,173,41,1,58.82239031163905,58.82239031163905
2023-02-02,142,6,4,23.46413045742573,93.85652182970291
2024-04-04,120,25,1,44.26207130447792,44.26207130447792
2024-04-14,158,13,3,47.302274398540895,141.90682319562268
2024-01-10,68,34,3,77.84467305122968,233.53401915368903
2023-01-22,146,8,3,11.860423200271402,35.58126960081421
2023-02-07,190,21,3,34.21176821184794,102.63530463554382
2023-08-18,37,34,1,56.58366711839698,56.58366711839698
2023-12-31,153,4,3,34.196206820755904,102.58862046226771
2024-07-16,176,25,1,66.5590642677099,66.5590642677099
2024-03-13,193,15,4,53.368073134715495,213.47229253886198
2023-10-10,181,4,3,42.55392293736226,127.66176881208678
2023-01-27,73,45,2,95.4287764183461,190.8575528366922
2023-08-14,143,12,3,66.89435492678118,200.68306478034353
2023-10-04,49,32,3,21.694723504114712,65.08417051234414
2023-10-11,121,32,1,60.408252769905594,60.408252769905594
2024-04-25,88,28,3,80.26586678808108,240.79760036424324
2024-03-28,196,13,2,73.76407277435176,147.52814554870352
2024-05-30,140,31,1,25.488030636573345,25.488030636573345
2024-06-30,187,14,1,97.5177999136093,97.5177999136093
2023-07-11,37,20,4,50.39322811719454,201.57291246877816
2023-02-18,61,18,4,24.312250336623517,97.24900134649407
2024-05-26,171,29,3,26.217617871533314,78.65285361459993
2023-01-17,124,6,4,18.841149297017246,75.36459718806898
2023-06-21,198,32,4,82.31662975914409,329.26651903657637
2023-08-08,39,29,4,20.98274448896638,83.93097795586552
2023-06-07,184,43,1,21.261273142757226,21.261273142757226
2024-04-21,63,2,1,86.5424453284754,86.5424453284754
2023-02-15,46,23,1,41.014367600280366,41.014367600280366
2024-01-08,88,19,4,12.77721138772652,51.10884555090608
2024-06-01,11,31,1,14.67057695665698,14.67057695665698
2023-04-09,62,5,4,22.795340203350598,91.18136081340239
2023-02-06,77,19,1,29.205401317812058,29.205401317812058
2023-10-07,153,34,1,69.86315748145648,69.86315748145648
2023-12-15,199,10,2,24.159365200164544,48.31873040032909
2024-05-11,52,25,3,20.69869520593648,62.09608561780944
2023-10-29,4,2,4,78.82472273286513,315.2988909314605
2023-06-30,59,11,2,70.3949755473923,140.7899510947846
2023-04-09,72,50,1,49.17917993097126,49.17917993097126
2023-04-26,148,31,4,59.43787943320935,237.7515177328374
2023-07-10,93,15,1,38.07856182937766,38.07856182937766
2023-09-10,63,9,3,53.42503782118246,160.27511346354737
2023-06-10,54,23,2,55.60053840844712,111.20107681689424
2023-09-13,117,19,3,44.85135440602863,134.5540632180859
2023-11-19,110,9,2,91.59149896049465,183.1829979209893
2023-05-08,74,35,1,11.445567848290553,11.445567848290553
2023-01-18,107,21,3,80.39541367821215,241.18624103463645
2024-07-19,57,9,3,21.19445481171919,63.58336443515757
2024-07-23,169,28,1,81.77926244834795,81.77926244834795
2023-11-19,3,46,3,65.43207241090491,196.29621723271472
2023-10-15,120,7,4,85.89502818427621,343.58011273710486
2023-06-04,6,16,2,18.77628930768077,37.55257861536154
2024-05-04,5,16,2,60.308257068979664,120.61651413795933
2024-01-21,5,33,2,55.09790922359774,110.19581844719548
2023-04-14,54,4,4,73.55738646670227,294.2295458668091
2024-01-28,47,4,2,58.08614967043082,116.17229934086164
2023-09-03,177,39,1,58.66611104197938,58.66611104197938
2023-06-25,9,40,3,48.66363492184582,145.99090476553746
2023-02-08,99,17,4,37.79509816066067,151.1803926426427
2024-04-21,20,37,2,53.403792512697294,106.80758502539459
2024-06-21,122,39,1,20.66431228915605,20.66431228915605
2024-02-12,61,29,3,96.53620050847763,289.6086015254329
2024-06-08,123,36,3,74.29696872639384,222.8909061791815
2024-05-20,163,38,4,95.7220405019062,382.8881620076248
2023-02-05,178,39,4,30.405464409696695,121.62185763878678
2023-01-20,82,50,4,89.14069181588752,356.5627672635501
2023-11-17,62,37,1,82.79109861071846,82.79109861071846
2024-05-26,145,35,1,70.94371712119063,70.94371712119063
2024-02-04,3,7,4,66.25262674766851,265.01050699067406
2024-04-15,160,27,2,38.489469874108295,76.97893974821659
2023-05-23,13,28,3,83.47697064685276,250.4309119405583
2023-04-02,120,22,3,55.136391533176045,165.40917459952814
2023-12-20,125,14,1,16.38024183021568,16.38024183021568
2023-02-20,89,7,3,38.1576844769617,114.4730534308851
2024-07-28,73,37,2,94.17673886907949,188.35347773815897
2023-07-09,68,22,3,86.56122345443616,259.68367036330847
2023-05-05,142,5,1,98.37151282688852,98.37151282688852
2023-05-30,101,2,1,66.51940443436882,66.51940443436882
2023-11-10,98,27,2,32.27590658263708,64.55181316527415
2024-07-23,11,21,2,24.65335447091774,49.30670894183548
2023-12-08,105,38,3,26.822299654761547,80.46689896428464
2023-11-01,184,15,3,11.781609251252895,35.344827753758686
2023-02-23,67,21,1,45.16138998873453,45.16138998873453
2024-03-19,123,10,2,27.228491244958825,54.45698248991765
2023-09-21,29,23,2,47.04899144110322,94.09798288220644
2023-02-22,137,39,2,94.14949886548888,188.29899773097776
2024-07-25,195,5,3,48.748618855647095,146.24585656694128
2023-01-05,153,1,2,89.01860472863514,178.03720945727028
2023-04-13,76,13,1,64.49542899542888,64.49542899542888
2023-07-15,170,21,1,32.241839919525276,32.241839919525276
2023-12-16,9,26,3,42.026928333329025,126.08078499998707
2023-02-16,40,50,4,17.55275822392865,70.2110328957146
2023-09-26,25,45,3,40.011633423640944,120.03490027092283
2024-01-05,5,21,4,70.97868509531807,283.9147403812723
2023-04-16,139,18,2,16.489998363649168,32.979996727298335
2023-04-30,187,37,3,28.48612676302264,85.45838028906792
2023-02-27,124,45,1,44.329693727198034,44.329693727198034
2023-12-12,38,32,2,98.38445833143663,196.76891666287327
2024-04-18,72,36,1,80.63756406629922,80.63756406629922
2023-04-27,133,17,2,76.01380718428935,152.0276143685787
2023-05-07,176,35,3,20.45718608729014,61.37155826187042
2024-01-28,90,49,4,80.28963042534923,321.1585217013969
2023-02-27,146,11,2,80.67419303644137,161.34838607288273
2024-05-27,198,21,4,64.09924260618953,256.39697042475814
2023-04-06,37,26,2,99.13256037985347,198.26512075970695
2023-04-28,60,4,1,39.272851533209675,39.272851533209675
2024-07-13,176,34,1,94.71452034176664,94.71452034176664
2024-05-02,28,48,2,92.32580034608533,184.65160069217066
2023-08-25,197,18,4,11.033259377444006,44.133037509776024
2023-09-29,81,40,3,50.510487382733,151.53146214819898
2023-07-08,114,35,3,97.93938097464161,293.8181429239248
2024-03-22,40,41,1,19.28092261672682,19.28092261672682
2023-09-04,45,29,3,59.300622494498754,177.90186748349626
2023-03-17,62,29,1,98.10617563369937,98.10617563369937
2023-06-03,93,38,3,59.99458816952742,179.98376450858225
2024-03-10,115,42,2,27.08337726749404,54.16675453498808
2023-03-27,186,21,1,62.396490708333076,62.396490708333076
2023-10-12,67,42,1,28.399651655459216,28.399651655459216
2023-08-08,56,13,2,56.77338366050358,113.54676732100717
2023-03-10,40,49,1,16.66379961211132,16.66379961211132
2023-02-16,98,41,3,64.49344022929643,193.48032068788928
2023-04-04,40,17,3,56.51109452153424,169.53328356460273
2024-03-28,91,9,1,76.61452318853168,76.61452318853168
2023-07-23,33,41,3,66.76304240429064,200.28912721287193
2023-08-06,6,1,4,59.4645641677681,237.8582566710724
2024-04-18,147,2,1,72.0800964323309,72.0800964323309
2024-03-07,80,48,2,22.954772221500775,45.90954444300155
2023-12-07,168,29,4,63.582369513274365,254.32947805309746
2024-07-04,92,33,1,25.48995425404999,25.48995425404999
2023-10-16,97,10,2,93.29699870666929,186.59399741333857
2023-09-11,59,50,3,16.150069436104378,48.45020830831314
2023-12-23,59,40,2,48.733727472171395,97.46745494434279
2023-01-23,48,21,4,72.62177298899005,290.4870919559602
2024-06-05,169,28,3,51.22199905014329,153.66599715042986
2023-04-10,13,11,1,18.28857279096121,18.28857279096121
2023-06-29,107,34,3,59.804111451403664,179.412334354211
2023-08-11,45,8,1,67.74687179446191,67.74687179446191
2024-03-17,89,22,1,73.34130798914569,73.34130798914569
2023-11-21,181,8,2,43.5933833016483,87.1867666032966
2024-05-30,170,49,2,60.729397392588595,121.45879478517719
2023-01-16,100,15,2,50.56178274450218,101.12356548900436
2023-12-02,191,17,4,70.4850434877028,281.9401739508112
2023-09-15,155,23,4,62.520127059233666,250.08050823693466
2024-05-11,166,24,2,57.318059760322136,114.63611952064427
2023-06-09,188,45,4,32.45719301544238,129.8287720617695
2024-04-19,7,19,3,10.181666597341053,30.54499979202316
2024-01-15,133,5,3,25.667350778028634,77.0020523340859
2024-06-28,45,32,4,20.535943728175177,82.1437749127007
2024-03-02,58,44,4,50.41762705098521,201.67050820394084
2023-09-25,31,1,3,65.10323356856603,195.30970070569808
2024-07-30,23,23,1,29.177650781632735,29.177650781632735
2024-02-21,170,37,3,94.51513863704685,283.54541591114054
2023-06-17,138,8,3,10.6013916301499,31.8041748904497
2023-02-12,160,13,4,79.50709136488086,318.02836545952346
2024-07-09,107,8,3,66.2684292577398,198.8052877732194
2023-10-12,181,23,4,43.61993209429137,174.4797283771655
2024-02-01,158,43,4,14.544004997116712,58.17601998846685
2023-01-12,39,1,2,66.47379146058515,132.9475829211703
2023-10-29,159,45,3,44.705216157908325,134.11564847372497
2023-09-10,82,24,1,94.26404254718972,94.26404254718972
2024-05-13,100,35,2,58.77910674007893,117.55821348015786
2023-02-04,2,24,4,94.56863601641574,378.27454406566295
2023-03-31,77,17,4,29.84353241259737,119.37412965038948
2024-02-22,12,5,1,75.3153319327693,75.3153319327693
2023-04-25,39,20,4,65.55241187638532,262.2096475055413
2023-07-15,194,21,3,76.54674068481806,229.64022205445417
2024-05-15,13,40,2,29.320107757528312,58.640215515056624
2024-05-07,46,31,4,69.84950646139964,279.39802584559857
2023-03-16,155,46,4,54.82363537511821,219.29454150047283
2024-02-17,113,36,1,76.85424774156846,76.85424774156846
2024-01-11,17,11,3,39.4340179736636,118.3020539209908
2024-02-24,104,15,4,90.10513229187274,360.42052916749094
2023-10-04,98,19,1,17.587118315021534,17.587118315021534
2024-01-29,188,7,4,82.64703869120693,330.5881547648277
2024-04-01,192,28,1,87.51876632335818,87.51876632335818
2023-07-11,88,43,1,83.5527080230139,83.5527080230139
2023-04-09,109,5,3,56.14537548355984,168.43612645067952
2024-07-01,163,5,4,49.45464820276852,197.81859281107407
2023-04-06,70,30,3,99.66360578723891,298.9908173617167
2023-07-09,158,32,1,30.62547560927459,30.62547560927459
2023-02-06,199,8,2,59.21883692884401,118.43767385768803
2024-01-04,74,10,4,70.3607972844093,281.4431891376372
2024-06-08,63,38,2,73.07808722752887,146.15617445505774
2023-10-06,156,47,4,28.362219916472082,113.44887966588833
2023-08-05,60,32,3,68.85946831058212,206.57840493174635
2023-09-30,79,48,3,83.65326098332035,250.95978294996104
2023-03-03,37,28,3,14.5016719139001,43.505015741700305
2023-12-08,22,17,3,92.03691639927848,276.11074919783545
2024-02-01,196,31,3,12.655364963068534,37.9660948892056
2023-01-19,148,8,2,42.037392923955494,84.07478584791099
2023-06-26,96,40,3,11.423187660966587,34.26956298289976
2024-01-31,68,25,1,16.94306516856237,16.94306516856237
2024-03-20,192,9,1,92.00514566620711,92.00514566620711
2023-08-21,17,2,2,41.937474767153304,83.87494953430661
2023-03-17,12,15,4,48.22943773825476,192.91775095301904
2023-09-22,150,50,1,29.380994324429736,29.380994324429736
2024-03-30,145,3,4,63.73861931680478,254.95447726721912
2024-01-19,138,49,2,63.532289321001066,127.06457864200213
2024-07-17,118,36,4,43.49803526426973,173.99214105707892
2024-05-20,193,4,4,39.97313846248585,159.8925538499434
2024-01-02,22,14,4,89.6467877362529,358.5871509450116
2023-05-24,120,41,4,44.495581567798126,177.9823262711925
2023-03-10,50,41,2,54.41508929389674,108.83017858779348
2023-04-09,14,25,1,35.49742861824376,35.49742861824376
2024-01-31,192,50,3,80.80925530214147,242.42776590642438
2023-01-25,175,10,4,45.77033412091825,183.081336483673
2024-04-13,29,21,1,56.22499418898921,56.22499418898921
2024-04-28,164,36,1,32.80214530536953,32.80214530536953
2024-07-18,180,12,2,98.88936331071265,197.7787266214253
2023-05-31,125,27,1,36.23461668313506,36.23461668313506
2023-05-24,7,40,2,79.36682778149965,158.7336555629993
2024-07-22,29,2,4,48.47460853210833,193.8984341284333
2023-02-08,139,13,4,28.55956645757259,114.23826583029036
2023-04-19,33,32,3,81.97468875683751,245.92406627051253
2023-02-11,134,31,3,40.02461101261389,120.07383303784167
2023-07-05,111,16,3,87.867401265803,263.602203797409
2024-02-02,79,32,1,92.37314664260407,92.37314664260407
2023-08-11,160,32,4,87.38414518521483,349.53658074085934
2023-05-13,179,34,2,13.150712332612509,26.301424665225017
2023-06-12,58,11,3,80.86360105045951,242.5908031513785
2023-08-03,26,10,2,47.020551984922946,94.04110396984589
2023-08-23,174,15,2,88.63506281640026,177.27012563280053
2023-01-09,29,17,3,67.4158836416265,202.24765092487948
2023-03-15,4,40,4,85.02788207295626,340.11152829182504
2024-05-06,99,18,3,54.94885928801518,164.84657786404554
2023-09-10,141,9,2,58.15229541390396,116.30459082780791
2023-08-18,39,25,3,22.994886892030053,68.98466067609016
2024-06-02,15,40,2,80.55886228204199,161.11772456408397
2023-06-23,119,14,2,47.74506505002745,95.4901301000549
2023-06-17,29,25,3,55.00721064444244,165.0216319333273
2023-06-19,157,50,1,80.65879426861369,80.65879426861369
2024-01-28,75,22,3,63.896086007149506,191.68825802144852
2023-07-13,116,30,1,28.09888546984007,28.09888546984007
2024-05-31,32,20,2,63.120939323580345,126.24187864716069
2023-01-29,130,21,2,46.68695721816902,93.37391443633804
2023-06-14,175,44,1,52.25729878394764,52.25729878394764
2024-02-26,84,32,2,12.5480146962401,25.0960293924802
2023-12-05,22,46,1,28.902641456465343,28.902641456465343
2024-05-10,27,49,1,35.293427324292544,35.293427324292544
2023-12-31,195,21,2,74.16640070729252,148.33280141458505
2023-12-08,81,35,4,11.034322596830378,44.137290387321514
2024-05-14,126,32,1,46.789953510621885,46.789953510621885
2024-05-25,184,30,3,93.16241833831596,279.4872550149479
2023-11-23,92,39,3,20.069255489421145,60.207766468263436
2023-08-05,21,49,2,56.47819493967499,112.95638987934998
2023-10-28,47,12,4,80.78701441517623,323.1480576607049
2023-05-12,101,41,2,94.8278176768105,189.655635353621
2023-03-11,187,47,4,77.20989755803461,308.83959023213845
2023-09-09,84,18,1,74.85089937799656,74.85089937799656
2024-02-19,6,21,1,84.38392811761862,84.38392811761862
2024-03-20,147,13,1,50.15810988797893,50.15810988797893
2023-07-01,185,21,1,82.52600793560498,82.52600793560498
2023-06-16,197,8,3,10.716796427090602,32.150389281271806
2023-04-01,131,46,3,93.21049498391244,279.6314849517373
2024-06-14,1,40,2,49.89758585654578,99.79517171309156
2023-02-08,58,46,4,59.80421690791729,239.21686763166915
2023-05-06,124,7,1,32.93940240233941,32.93940240233941
2024-03-26,166,23,1,76.82777495563793,76.82777495563793
2023-06-22,15,44,4,16.897222582772393,67.58889033108957
2023-08-08,162,32,4,88.53722222921517,354.1488889168607
2023-02-27,189,11,2,84.53051461057085,169.0610292211417
2024-04-20,163,22,4,29.445410462028974,117.7816418481159
2024-03-31,64,22,1,82.83919584567361,82.83919584567361
2023-12-27,25,43,1,80.77219597553334,80.77219597553334
2023-01-01,24,25,1,66.89949379785541,66.89949379785541
2024-01-22,12,22,1,43.61681592097188,43.61681592097188
2023-12-14,18,28,1,34.43488787636811,34.43488787636811
2023-07-09,15,29,2,30.860523126041503,61.721046252083006
2024-05-19,27,13,1,38.67480664872464,38.67480664872464
2023-07-10,72,18,2,91.32025990892772,182.64051981785545
2024-05-22,60,2,1,16.987669838990314,16.987669838990314
2024-01-04,174,29,3,84.59841486276628,253.79524458829883
2024-02-13,145,21,3,41.40010675376412,124.20032026129236
2023-04-27,93,15,3,56.94394564102224,170.8318369230667
2023-05-14,53,27,3,81.50370702836416,244.5111210850925
2023-02-27,8,50,2,89.59388923206741,179.18777846413482
2024-07-09,79,31,2,41.03032780653823,82.06065561307646
2023-06-22,27,15,4,51.56591331475993,206.26365325903973
2023-05-29,174,23,1,47.306445833511304,47.306445833511304
2023-03-21,50,24,3,11.19259301535195,33.57777904605585
2023-08-01,199,44,2,36.634859997279094,73.26971999455819
2023-07-22,131,13,1,51.32703103593057,51.32703103593057
2023-08-17,93,22,1,46.99842479923958,46.99842479923958
2023-08-15,192,43,2,74.97363047641115,149.9472609528223
2024-06-15,172,37,3,44.63232554989929,133.89697664969788
2024-03-16,181,33,4,54.04388040736032,216.17552162944128
2024-02-06,24,3,1,48.6647732919127,48.6647732919127
2023-02-16,60,19,4,76.65635340049334,306.6254136019734
2023-08-21,122,23,3,87.66751590882663,263.00254772647986
2023-11-01,131,29,3,57.87001711067627,173.61005133202883
2024-06-09,148,30,4,81.04889747756721,324.19558991026884
2023-05-23,46,39,3,36.71080138178655,110.13240414535966
2024-02-19,15,44,1,58.723264914154186,58.723264914154186
2024-05-27,153,47,4,41.070695830297524,164.2827833211901
2024-01-08,199,25,3,47.278083301464726,141.83424990439417
2024-07-19,17,37,4,75.91724783314017,303.66899133256067
2023-09-16,126,47,1,89.34962340994414,89.34962340994414
2024-04-15,84,8,3,20.934585197898887,62.803755593696664
2023-01-12,9,42,1,67.11753308386425,67.11753308386425
2023-11-26,166,16,3,62.392942682001866,187.1788280460056
2023-12-24,176,8,2,20.65735352583387,41.31470705166774
2024-02-12,188,1,3,29.07048973960982,87.21146921882945
2024-01-08,63,44,4,37.99022452594122,151.9608981037649
2023-01-08,117,5,3,25.02379637357513,75.0713891207254
2023-05-02,130,3,1,31.93565342719076,31.93565342719076
2023-12-14,88,1,1,34.08407189755368,34.08407189755368
2023-03-31,72,4,3,40.210644973515365,120.63193492054609
2023-11-12,139,40,4,77.44514075210431,309.78056300841723
2023-06-27,64,35,2,61.47209834655406,122.94419669310813
2024-06-23,72,32,4,98.76220047562613,395.0488019025045
2023-02-10,21,42,2,47.32622442707239,94.65244885414478
2024-05-16,18,34,1,77.84785664532325,77.84785664532325
2023-05-25,64,43,4,88.43215792388804,353.72863169555217
2023-07-20,82,25,2,71.10806437342377,142.21612874684755
2024-04-05,110,10,3,47.06782663757464,141.20347991272394
2024-07-11,95,21,1,77.82351676711777,77.82351676711777
2024-06-30,166,46,3,28.330042399541636,84.9901271986249
2023-09-10,32,39,1,39.479694866211915,39.479694866211915
2024-01-25,11,27,4,59.20167295893599,236.80669183574395
2023-09-13,45,27,4,61.78684485575335,247.1473794230134
2024-03-25,33,2,1,11.992732792536652,11.992732792536652
2023-01-10,102,41,1,95.06027698804078,95.06027698804078
2023-08-30,169,48,1,72.69645440956509,72.69645440956509
2023-09-08,136,13,4,54.613337520870196,218.45335008348079
2023-01-05,11,9,2,93.98145109674775,187.9629021934955
2023-04-29,179,36,3,49.51860087257457,148.5558026177237
2024-01-09,88,22,3,98.23920132433346,294.7176039730004
2023-03-06,41,42,4,56.105628151913656,224.42251260765462
2023-05-26,145,26,3,20.28571929981815,60.85715789945445
2023-08-12,76,12,1,78.83208752133496,78.83208752133496
2023-08-27,121,17,2,71.10079525700564,142.2015905140113
2023-06-26,46,14,3,79.5688049175028,238.7064147525084
2023-10-09,160,14,2,95.62978258531129,191.25956517062258
2023-03-04,80,34,1,79.88403723859163,79.88403723859163
2023-08-05,54,20,3,65.02029419949821,195.06088259849463
2024-04-05,86,11,4,87.15780121247568,348.6312048499027
2023-04-15,92,16,2,70.59217954190784,141.18435908381568
2023-04-09,148,31,1,46.73071511433308,46.73071511433308
2024-05-25,161,6,2,89.70577878175959,179.41155756351918
2024-01-20,168,19,3,29.97104147059356,89.91312441178067
2024-02-09,160,37,3,74.31771474178518,222.95314422535554
2024-06-01,97,4,4,89.34071094466813,357.3628437786725
2024-04-20,2,47,1,75.81848677329667,75.81848677329667
2024-03-12,33,4,1,72.75478771484713,72.75478771484713
2023-01-23,158,20,4,77.73744646646524,310.949785865861
2024-07-18,161,10,4,51.854972347057995,207.41988938823198
2024-04-02,77,24,1,88.67536139413234,88.67536139413234
2023-03-24,116,35,2,28.30928276224821,56.61856552449642
2023-05-25,154,26,2,21.464777440030538,42.929554880061076
2023-03-26,150,37,4,35.69579021066604,142.78316084266416
2023-03-19,103,38,2,57.84196570974938,115.68393141949876
2024-04-01,194,21,1,55.95056158684043,55.95056158684043
2023-01-01,166,40,3,83.8538881908928,251.5616645726784
2023-02-20,103,39,3,46.41117907636156,139.23353722908467
2024-03-21,90,21,2,53.59099836623578,107.18199673247156
2024-03-24,174,10,4,11.203091493345607,44.81236597338243
2024-05-02,122,38,4,46.876531279864516,187.50612511945806
2023-02-03,143,46,4,68.2996809655308,273.1987238621232
2023-12-14,106,4,4,11.395749756393297,45.58299902557319
2023-04-05,119,45,4,35.279376866761936,141.11750746704774
2023-03-13,172,20,2,28.716072336045094,57.43214467209019
2024-07-04,49,17,3,13.77868860186294,41.336065805588824
2023-06-03,104,7,3,53.13340809230837,159.40022427692512
2023-09-07,61,4,2,26.355096390534086,52.71019278106817
2024-03-13,195,29,4,76.8773385668242,307.5093542672968
2023-04-28,123,14,2,86.31350953870137,172.62701907740274
2023-11-02,134,3,3,59.1026664402233,177.30799932066992
2023-09-25,9,24,1,98.35366082690274,98.35366082690274
2023-02-23,6,37,2,50.54307143235358,101.08614286470716
2023-08-24,73,16,4,56.203138920242395,224.81255568096958
2024-01-24,103,4,3,99.02959785619751,297.08879356859256
2024-02-05,160,24,3,30.839359236854392,92.51807771056318
2023-10-30,41,34,3,94.82913457092147,284.4874037127644
2023-07-26,114,30,3,13.855379960720192,41.56613988216058
2023-08-17,8,18,4,50.17482012368753,200.69928049475013
2023-03-16,72,19,1,16.30031609197592,16.30031609197592
2024-03-10,178,31,3,75.63112686222787,226.89338058668363
2023-04-13,92,19,2,64.7568042292016,129.5136084584032
2024-02-26,62,49,1,73.59708371208367,73.59708371208367
2023-11-02,84,46,3,43.703235997121524,131.1097079913646
2023-04-08,62,19,1,43.25337406282423,43.25337406282423
2023-12-01,111,22,2,14.078735106480515,28.15747021296103
2024-03-10,127,24,3,41.49504455766758,124.48513367300275
2024-03-22,7,45,2,93.63595620358535,187.2719124071707
2023-11-04,84,12,4,44.13038834624041,176.52155338496163
2023-09-06,132,30,3,84.8230935599773,254.4692806799319
2023-06-15,134,38,3,85.80929542749406,257.4278862824822
2024-04-25,58,31,3,43.591704074131044,130.77511222239315
2023-12-01,22,36,3,66.87898123565702,200.63694370697107
2024-06-25,154,19,4,18.583444204575276,74.3337768183011
2023-04-16,127,48,3,19.331072266084885,57.99321679825465
2024-07-16,3,45,1,14.379189729554199,14.379189729554199
2023-03-22,127,36,3,62.29135840375985,186.87407521127955
2023-05-13,41,30,4,48.34638798634873,193.38555194539492
2023-05-18,188,49,3,59.32291209978161,177.96873629934484
2023-07-03,106,33,1,56.89658714575491,56.89658714575491
2024-02-05,14,18,4,41.518269198165726,166.0730767926629
2023-11-26,12,49,4,70.97260733411255,283.8904293364502
2024-05-22,87,28,1,78.26516928247516,78.26516928247516
2023-03-10,12,47,1,11.316543298990814,11.316543298990814
2024-06-29,141,11,1,28.651806979199048,28.651806979199048
2023-02-22,25,45,1,74.19122812750031,74.19122812750031
2024-03-25,45,33,1,44.79581553704508,44.79581553704508
2023-07-24,122,17,4,69.62355522474473,278.49422089897894
2023-05-06,147,6,4,41.226639376110256,164.90655750444103
2023-02-12,55,4,3,45.16796370966734,135.50389112900203
2023-04-21,100,20,3,24.281098632071643,72.84329589621493
2023-07-02,173,48,2,33.2407917699544,66.4815835399088
2023-04-05,136,47,3,64.48705817568285,193.46117452704854
2024-01-09,119,27,3,48.984680018364976,146.95404005509494
2024-06-03,53,15,1,79.68724146501356,79.68724146501356
2023-12-26,183,6,1,86.73264594445085,86.73264594445085
2023-10-08,32,47,3,58.748177639508384,176.24453291852515
2023-07-14,51,14,2,78.24405628504532,156.48811257009064
2023-07-14,44,11,1,37.6214061875113,37.6214061875113
2023-04-03,82,39,3,47.34740938600704,142.04222815802112
2023-03-02,198,9,3,74.14999085951479,222.44997257854436
2023-02-20,146,26,4,44.75907935353276,179.03631741413105
2024-02-07,150,16,2,62.96544416430899,125.93088832861798
2023-01-05,37,5,4,26.683550117426034,106.73420046970413
2024-04-10,96,10,2,63.97941834734482,127.95883669468964
2024-06-17,56,50,1,87.53623365042043,87.53623365042043
2024-02-09,105,3,2,88.1775675841083,176.3551351682166
2024-05-27,59,13,3,75.19099656965857,225.57298970897568
2023-08-21,131,43,3,77.11780411685135,231.35341235055404
2024-06-07,156,49,2,60.213470063563065,120.42694012712613
2023-12-12,35,30,2,62.62012811492423,125.24025622984846
2023-02-15,189,45,2,22.02855232694662,44.05710465389324
2024-06-29,93,6,4,49.9473269579171,199.7893078316684
2023-03-19,182,17,2,50.56986554977274,101.13973109954549
2023-03-14,191,45,1,96.26480521009661,96.26480521009661
2023-09-06,97,19,4,48.79781763609605,195.1912705443842
2023-02-16,135,42,4,59.440838041248185,237.76335216499274
2023-05-01,76,35,2,57.99262593511922,115.98525187023844
2023-08-02,49,46,1,67.30855453398945,67.30855453398945
2023-08-27,94,26,4,77.34095481987063,309.3638192794825
2023-02-25,159,5,3,30.253768855378492,90.76130656613547
2023-12-16,186,29,4,57.58519771885921,230.34079087543685
2023-04-17,189,37,2,84.33259365844273,168.66518731688546
2023-02-17,24,20,1,51.680324245376035,51.680324245376035
2024-07-26,148,49,2,35.06117917362157,70.12235834724314
2023-12-03,37,21,3,68.92381678206692,206.77145034620077
2023-01-26,4,10,3,84.13906562192106,252.41719686576317
2023-09-14,108,5,3,15.682626363465218,47.047879090395654
2023-01-08,126,36,2,79.91114350665045,159.8222870133009
2023-09-10,20,6,4,83.94831396655941,335.79325586623764
2023-10-30,188,26,2,51.53706348297461,103.07412696594922
2023-02-25,152,4,1,98.49750911366206,98.49750911366206
2024-06-09,50,39,4,80.80375066365782,323.2150026546313
2024-04-18,177,39,3,79.62963084060992,238.88889252182975
2023-01-28,179,50,2,77.30547169708646,154.61094339417292
2023-03-19,96,35,3,23.554729289644662,70.664187868934
2023-08-04,105,1,3,29.550779780770974,88.65233934231293
2024-01-21,164,24,1,51.75911183179825,51.75911183179825
2023-12-31,117,36,4,33.76039149635193,135.04156598540771
2024-06-09,98,6,1,47.37168751006364,47.37168751006364
2023-11-08,66,41,1,89.96176989306286,89.96176989306286
2023-01-07,79,46,1,84.18942026913423,84.18942026913423
2023-01-03,162,44,3,66.7035890631984,200.11076718959518
2023-12-29,164,31,1,87.23083548259932,87.23083548259932
2024-05-22,6,20,1,80.53951501155242,80.53951501155242
2023-10-01,39,24,4,48.60864386568014,194.43457546272057
2024-05-20,170,25,4,28.09586368449506,112.38345473798024
2023-01-15,115,36,1,56.27809360084053,56.27809360084053
2023-07-11,186,21,4,76.26059942756952,305.04239771027807
2024-04-29,125,30,4,49.27776388566337,197.11105554265347
2023-01-28,12,24,1,70.00947188055075,70.00947188055075
2023-02-08,131,44,3,18.489468366193925,55.468405098581776
2023-09-30,18,42,1,77.3204262734263,77.3204262734263
2023-08-19,40,30,4,83.14422579037559,332.57690316150234
2023-03-27,21,22,3,73.61540702024871,220.84622106074613
2024-04-18,143,28,2,97.0537228773729,194.1074457547458
2023-05-06,99,7,3,84.39868517145764,253.19605551437292
2024-06-20,26,35,4,91.27843550888845,365.1137420355538
2023-05-25,8,28,3,94.02139751118833,282.064192533565
2024-06-08,100,14,1,82.12131926864276,82.12131926864276
2023-07-31,87,10,2,70.68329578058493,141.36659156116986
2023-01-25,42,16,2,10.514672322471036,21.02934464494207
2024-01-29,172,16,2,51.924317790081226,103.84863558016245
2023-03-08,14,31,4,61.404606876012494,245.61842750404998
2023-08-21,78,42,4,37.362724520319965,149.45089808127986
2023-04-19,2,25,2,38.62940022131249,77.25880044262497
2023-05-26,119,13,3,96.50434741391487,289.51304224174464
2023-04-21,37,6,2,90.25397786824713,180.50795573649427
2023-08-16,69,44,3,86.42611049515338,259.27833148546017
2023-04-21,166,9,3,46.54106215354996,139.6231864606499
2024-04-14,41,45,4,11.232869536802308,44.93147814720923
2023-02-03,62,36,3,17.220002181014266,51.6600065430428
2024-01-04,60,43,2,38.09767313958433,76.19534627916866
2024-07-07,125,20,4,11.416862169610928,45.66744867844371
2024-02-29,111,18,1,11.54348037236783,11.54348037236783
2024-06-01,14,43,1,92.494297147817,92.494297147817
2023-10-09,84,21,4,73.55426519071486,294.21706076285943
2023-11-16,130,4,2,37.80603910613374,75.61207821226748
2024-03-18,70,50,1,21.938011984085783,21.938011984085783
2023-11-11,145,33,1,56.04721461055694,56.04721461055694
2024-01-12,123,27,3,10.4811544768928,31.443463430678403
2023-10-16,89,7,3,94.45723694723296,283.37171084169887
2024-03-12,28,6,2,47.33336074500525,94.6667214900105
2023-10-04,66,15,4,46.21014597135995,184.8405838854398
2024-05-17,163,18,2,45.153424682360395,90.30684936472079
2024-05-30,5,32,4,16.23954973489883,64.95819893959532
2023-12-16,193,11,1,67.44900158126438,67.44900158126438
2024-03-21,168,20,3,75.97032576655181,227.91097729965543
2023-12-16,184,24,2,70.85128578294612,141.70257156589224
2023-05-17,164,15,2,22.45919439964549,44.91838879929098
2023-08-31,45,48,4,62.09561512320333,248.38246049281332
2024-06-26,151,7,4,61.253603575502844,245.01441430201137
2023-02-09,47,21,2,88.15697091472438,176.31394182944877
2023-08-17,31,42,4,44.12148925380823,176.4859570152329
2024-07-01,139,26,2,43.43373492934908,86.86746985869816
2023-08-11,10,44,2,65.6674352846367,131.3348705692734
2023-01-06,195,14,2,66.97653881495617,133.95307762991234
2023-11-18,118,37,1,52.235670459321135,52.235670459321135
2024-04-12,14,21,4,49.8753426097379,199.5013704389516
2023-03-16,80,18,3,54.47329035740944,163.41987107222832
2023-01-04,93,5,3,87.49407695529807,262.4822308658942
2023-04-28,10,3,4,51.5050211128519,206.0200844514076
2024-05-18,76,23,2,94.59386127728402,189.18772255456804
2024-07-27,94,26,3,55.360338723669344,166.08101617100803
2024-03-16,105,37,3,95.42806238628023,286.2841871588407
2023-07-13,1,24,4,84.95487116821681,339.81948467286725
2024-01-27,133,49,3,42.61881903542462,127.85645710627387
2023-01-26,20,19,2,87.72772791669544,175.4554558333909
2024-03-10,8,25,4,19.90569557810037,79.62278231240148
2023-06-22,171,21,2,93.2542457808713,186.5084915617426
2023-10-27,1,12,3,66.84791635746025,200.54374907238076
2023-11-22,57,41,3,14.895167367008007,44.68550210102402
2024-02-14,64,33,2,67.98310512857304,135.9662102571461
2023-04-28,118,50,1,97.68228887302806,97.68228887302806
2023-08-13,28,4,3,16.282058915316604,48.84617674594981
2024-06-15,121,42,1,59.92189388020777,59.92189388020777
2023-04-23,107,7,3,77.30149147834352,231.90447443503058
2023-05-20,165,22,1,82.92327280295783,82.92327280295783
2024-07-12,175,33,1,47.24447187887163,47.24447187887163
2023-01-01,165,17,1,28.37499032514187,28.37499032514187
2023-03-31,49,24,2,13.810805089514545,27.62161017902909
2023-11-16,120,34,1,62.17535413875023,62.17535413875023
2024-07-03,44,28,1,50.76199632408497,50.76199632408497
2023-05-19,56,43,1,95.38699556347399,95.38699556347399
2024-05-25,156,41,3,15.454441694341881,46.36332508302564
2023-09-16,111,39,1,71.68558091014052,71.68558091014052
2023-01-10,134,22,3,12.246959990805145,36.740879972415435
2023-09-18,108,49,1,25.429075903948846,25.429075903948846
2023-06-21,189,17,1,50.82210999305507,50.82210999305507
2023-01-13,148,34,2,50.93851985225814,101.87703970451628
2023-06-17,114,6,3,71.71304886402795,215.13914659208388
2023-11-17,78,46,1,91.9191731380981,91.9191731380981
2023-11-15,130,6,3,67.51289430234287,202.5386829070286
2023-11-25,37,34,3,95.8181588066358,287.4544764199074
2024-07-03,20,1,4,89.34540758901979,357.38163035607914
2024-02-23,26,10,2,62.60498159777112,125.20996319554224
2023-04-05,29,21,2,85.04127558269445,170.0825511653889
2023-11-14,1,5,2,67.83198492912706,135.66396985825412
2023-08-24,119,2,4,17.070204783135445,68.28081913254178
2023-11-30,35,22,4,76.65082509335589,306.60330037342356
2024-01-11,198,48,2,18.541759714061158,37.083519428122315
2024-04-03,59,2,4,63.467450251274116,253.86980100509646
2023-05-17,69,10,4,73.2376185272406,292.9504741089624
2024-06-30,161,34,4,15.98748473897697,63.94993895590788
2024-05-27,179,16,2,30.771518853387857,61.54303770677571
2023-10-23,12,48,2,92.41050090354848,184.82100180709696
2023-11-16,20,39,2,65.46830430096068,130.93660860192136
2024-07-25,181,22,4,32.16574169294785,128.6629667717914
2023-12-15,43,12,2,72.1611794033206,144.3223588066412
2023-08-17,126,24,4,63.709877796552064,254.83951118620826
2023-09-27,50,47,1,55.14181299261536,55.14181299261536
2023-10-18,29,40,4,97.85682774892753,391.4273109957101
2023-06-14,185,38,3,71.5108399666758,214.5325199000274
2023-01-05,39,10,2,43.78969987011214,87.57939974022428
2024-01-14,184,35,2,82.00660888691812,164.01321777383623
2023-03-19,171,49,3,89.6124963629069,268.8374890887207
2024-02-14,178,32,4,21.26985035651483,85.07940142605932
2024-07-27,151,7,1,28.049768006073982,28.049768006073982
2023-05-12,172,21,3,29.46043082150017,88.38129246450052
2023-02-11,38,20,3,72.20906284478863,216.6271885343659
2023-03-30,84,26,4,64.2735599547955,257.094239819182
2024-02-06,151,4,2,65.70924082287294,131.41848164574589
2023-10-23,128,46,4,94.66959697205509,378.67838788822036
2023-10-22,126,22,3,79.83203795265753,239.4961138579726
2024-06-09,45,15,3,21.514323206060485,64.54296961818146
2024-02-26,52,40,2,41.27563741826629,82.55127483653258
2023-01-23,80,21,2,49.185428155816204,98.37085631163241
2024-07-28,178,15,2,45.63654298728444,91.27308597456889
2023-05-23,124,22,4,70.23777482456913,280.9510992982765
2023-05-25,119,28,2,90.27037929309063,180.54075858618125
2023-08-13,8,14,3,37.54463171705092,112.63389515115276
2024-05-17,85,27,3,59.66894227790671,179.00682683372014
2023-04-14,129,41,1,81.04684797222271,81.04684797222271
2023-02-08,8,40,4,47.45962529608144,189.83850118432576
2023-07-17,157,28,1,25.130631555936628,25.130631555936628
2024-01-26,96,26,3,52.745586873737345,158.23676062121203
2023-06-28,102,49,1,14.970026866872562,14.970026866872562
2024-07-07,5,2,3,94.81451086020492,284.4435325806148
2024-03-23,86,25,1,16.73390846754757,16.73390846754757
2024-05-14,175,3,2,49.461104372552036,98.92220874510407
2023-01-15,34,8,1,57.689313497967355,57.689313497967355
2023-10-16,193,44,2,98.67734490585569,197.35468981171138
2024-04-22,55,33,2,24.94196412785747,49.88392825571494
2023-08-19,119,42,4,20.29883667511227,81.19534670044908
2024-02-24,171,35,2,10.783553235628922,21.567106471257844
2023-06-06,158,6,2,24.001429318237207,48.002858636474414
2024-07-03,114,39,1,28.654568116090086,28.654568116090086
2024-03-16,145,23,3,66.75228474247831,200.25685422743493
2023-04-07,26,25,4,29.773611135226037,119.09444454090415
2024-02-15,136,50,2,11.846873325639269,23.693746651278538
2023-10-16,47,43,4,84.39565109522398,337.58260438089593
2023-09-11,113,19,1,42.90361309035701,42.90361309035701
2023-07-15,76,5,2,41.83270179226605,83.6654035845321
2024-06-05,72,11,1,37.22311262511339,37.22311262511339
2024-05-31,89,12,4,97.78359494317787,391.1343797727115
2023-04-28,46,10,1,25.310387557835334,25.310387557835334
2023-06-08,196,8,4,90.84142575579116,363.36570302316466
2023-08-16,33,24,1,79.91229989258991,79.91229989258991
2023-08-04,1,28,4,16.883195994938177,67.53278397975271
2023-01-15,147,41,3,98.80561913507638,296.41685740522917
2023-06-06,31,36,1,34.422936718510954,34.422936718510954
2023-09-18,142,37,1,18.87246343201711,18.87246343201711
2023-06-06,53,21,3,84.63828107131835,253.91484321395504
2023-02-16,48,8,3,73.60079803099299,220.80239409297897
2023-11-20,69,9,1,65.54969252901107,65.54969252901107
2023-05-10,105,47,3,24.038277732903985,72.11483319871195
2024-02-15,90,15,2,53.06465046303657,106.12930092607314
2023-04-05,190,48,4,80.25004241984924,321.00016967939695
2023-10-19,194,46,4,37.32615443294562,149.30461773178249
2023-10-10,192,40,4,38.05208456635373,152.2083382654149
2023-03-10,198,18,2,10.282681544330991,20.565363088661982
2023-01-11,63,42,3,25.68190614808416,77.04571844425249
2023-09-11,73,20,3,88.78650626096508,266.35951878289524
2024-07-03,161,6,1,49.75718424739364,49.75718424739364
2023-05-14,169,12,3,98.58110493109906,295.7433147932972
2023-01-23,89,2,1,45.61371672164133,45.61371672164133
2023-12-12,176,7,2,74.36678093022171,148.73356186044342
2023-10-29,13,16,4,35.37271386142562,141.4908554457025
2023-12-29,73,3,4,42.742867702684016,170.97147081073607
2024-01-31,77,45,4,27.165338883180517,108.66135553272207
2023-08-06,159,3,3,41.23561316494555,123.70683949483664
2023-05-21,68,27,1,59.25137683785788,59.25137683785788
2023-07-29,98,50,1,99.25955928813245,99.25955928813245
2024-04-04,125,43,2,69.7781541764607,139.5563083529214
2023-12-22,102,40,3,27.932135896748264,83.79640769024479
2023-11-20,132,38,2,14.046529743239603,28.093059486479206
2023-05-13,102,33,1,21.372083318305954,21.372083318305954
2023-05-07,19,28,1,60.62996811457426,60.62996811457426
2023-04-16,198,1,4,78.86442959350897,315.4577183740359
2024-01-13,82,8,3,94.63772865706723,283.9131859712017
2023-02-20,141,37,1,11.424085479713874,11.424085479713874
2023-01-29,23,32,4,57.04841274056828,228.19365096227313
2024-04-06,83,48,3,52.37806206008591,157.13418618025773
2023-10-23,109,43,2,69.04495197781335,138.0899039556267
2023-10-24,75,37,3,60.362096901880776,181.08629070564234
2024-02-11,129,4,3,71.83352355242326,215.50057065726978
2024-02-09,88,30,1,69.22743262742713,69.22743262742713
2023-12-12,54,6,1,20.531055237215156,20.531055237215156
2024-02-24,199,46,3,81.97461222568477,245.92383667705428
2023-07-01,89,19,1,21.090931814469236,21.090931814469236
2023-01-01,143,32,1,72.86775626882235,72.86775626882235
2024-07-20,65,9,1,47.453083087654605,47.453083087654605
2024-01-06,76,12,4,56.24656611189381,224.98626444757525
2024-03-06,199,11,4,91.29682129381395,365.1872851752558
2023-11-05,143,46,3,90.08953538261379,270.26860614784135
2023-05-17,149,16,1,83.60706750895265,83.60706750895265
2023-07-21,147,1,4,55.913354241069094,223.65341696427637
2024-03-11,60,45,3,76.26158291204499,228.78474873613496
2023-11-09,93,21,1,56.160734996692845,56.160734996692845
2023-04-27,161,30,2,88.26454742272998,176.52909484545995
2024-07-28,49,13,1,46.24982499096099,46.24982499096099
2023-09-01,35,34,1,97.32118099733891,97.32118099733891
2024-06-20,172,4,4,93.90904824059898,375.6361929623959
2023-03-16,102,28,3,76.74423575066069,230.23270725198208
2024-01-21,11,38,3,35.14742957584648,105.44228872753945
2023-07-29,99,31,4,21.848822991393256,87.39529196557302
2024-04-19,200,27,1,86.92331050838777,86.92331050838777
2024-02-22,110,5,2,24.877205752416515,49.75441150483303
2023-12-13,74,25,1,86.88347100976021,86.88347100976021
2024-06-12,194,3,1,54.16885060411244,54.16885060411244
2023-06-28,174,33,2,46.59011054272938,93.18022108545875
2023-07-01,9,4,4,91.28717009509862,365.14868038039447
2023-01-25,3,25,3,64.34658842862501,193.03976528587503
2023-06-29,85,20,4,61.8952606416746,247.5810425666984
2024-05-15,26,34,4,60.288935016195786,241.15574006478315
2023-06-10,72,26,1,43.40525644175783,43.40525644175783
2023-06-26,48,5,3,80.70787931762145,242.12363795286433
2023-10-12,194,35,3,32.75185996141957,98.25557988425871
2023-03-04,198,28,4,94.50054640371475,378.002185614859
2023-06-05,156,29,2,90.45866845422647,180.91733690845294
2024-04-13,117,9,4,40.37322931074084,161.49291724296336
2023-02-18,154,38,2,75.65173928484974,151.30347856969948
2023-03-25,153,50,3,61.590087500463234,184.7702625013897
2023-12-27,12,6,4,40.38843717993112,161.55374871972447
2023-05-28,133,19,1,98.9669483195902,98.9669483195902
2023-12-08,48,44,4,12.271361126343779,49.085444505375115
2024-04-20,37,11,3,32.7381427559158,98.21442826774741
2023-03-04,44,2,1,56.80666550000353,56.80666550000353
2023-12-26,15,47,1,56.97577031307075,56.97577031307075
2024-07-14,43,44,2,63.00397674510077,126.00795349020154
2023-11-23,176,44,1,77.65085548206274,77.65085548206274
2023-05-21,87,9,1,66.11300474673668,66.11300474673668
2023-08-03,70,21,4,64.02533144752333,256.1013257900933
2024-03-10,46,24,3,14.816301662173895,44.44890498652168
2023-11-14,108,34,2,43.887725901036845,87.77545180207369
2023-02-01,123,22,4,30.88501657310404,123.54006629241616
2023-10-12,171,3,1,33.88331004417779,33.88331004417779
2023-11-01,21,12,1,59.89037269063104,59.89037269063104
2024-03-04,151,28,2,27.95547834366476,55.91095668732952
2024-04-21,107,30,3,36.45541909152078,109.36625727456234
2023-10-13,80,26,2,31.337623766560608,62.675247533121215
2023-05-24,47,48,4,95.36526488963753,381.4610595585501
2024-02-28,117,21,2,95.01991589539857,190.03983179079714
2023-01-19,124,28,1,64.89474027364466,64.89474027364466
2023-01-18,143,26,4,93.207022185871,372.828088743484
2024-01-06,25,33,1,80.72313809215359,80.72313809215359
2023-06-24,36,21,3,63.09530945216279,189.28592835648837
2023-07-13,51,35,1,10.579169034711613,10.579169034711613
2024-05-16,15,34,1,79.52646574714636,79.52646574714636
2023-04-23,68,41,2,73.22395074296219,146.44790148592438
2023-04-24,21,47,1,65.37282879541726,65.37282879541726
2023-08-10,141,18,4,78.43818805142246,313.75275220568983
2023-09-21,19,11,4,56.162994829728916,224.65197931891566
2023-02-24,34,23,3,73.36749441892051,220.10248325676156
2024-04-02,78,48,4,94.1654878053844,376.6619512215376
2023-06-11,125,22,2,43.822451426147765,87.64490285229553
2024-01-15,196,17,3,73.73096514105629,221.19289542316886
2023-03-28,117,5,4,52.811903620986286,211.24761448394514
2023-02-24,52,44,2,70.69596866325834,141.39193732651668
2024-04-20,27,11,4,78.66040019989278,314.6416007995711
2023-06-27,157,30,4,14.090725039221637,56.362900156886546
2024-01-26,156,15,1,68.19403995537957,68.19403995537957
2023-12-15,35,27,4,30.40670659662501,121.62682638650004
2023-01-08,136,35,4,70.302928402681,281.211713610724
2023-11-09,144,33,2,52.14971673404321,104.29943346808642
2024-03-18,106,20,2,79.61974676783984,159.23949353567969
2023-11-24,164,16,1,21.10607336850368,21.10607336850368
2023-02-23,158,34,4,66.36901164905757,265.4760465962303
2023-08-27,146,2,1,35.062365603479705,35.062365603479705
2023-08-17,2,35,4,86.76837957975323,347.0735183190129
2023-02-20,177,40,3,93.55451550726767,280.663546521803
2023-09-21,77,28,3,99.67584643111499,299.02753929334494
2024-02-22,132,47,1,81.6406662184555,81.6406662184555
2023-04-06,90,39,1,77.83606633852041,77.83606633852041
2023-03-29,89,6,1,29.395068298079593,29.395068298079593
2023-03-19,94,9,2,40.24063530910979,80.48127061821958
2023-10-15,7,20,2,51.911428758605155,103.82285751721031
2023-04-30,95,1,2,79.60429430040247,159.20858860080494
2024-05-05,108,8,1,92.34692785701718,92.34692785701718
2024-03-27,74,23,4,27.022519002068616,108.09007600827447
2024-05-14,39,3,3,93.01307362030926,279.0392208609278
2023-06-14,141,4,1,72.60621871186522,72.60621871186522
2023-07-01,159,25,2,64.96936576165348,129.93873152330696
2024-04-13,71,47,2,27.985714415374556,55.97142883074911
2023-01-07,191,38,1,14.99725295282355,14.99725295282355
2023-11-26,56,15,1,61.161840865714595,61.161840865714595
2023-05-31,170,21,2,68.63641149960031,137.27282299920063
2023-03-26,189,35,4,28.97033044192194,115.88132176768777
2023-05-27,42,46,2,60.08105852429107,120.16211704858215
2024-01-16,184,14,2,87.08440624863162,174.16881249726325
