date,temperature,rainfall
2020-01-01,24.382766016164386,9.570009654439898
2020-01-02,23.097164890820345,1.6489652460703097
2020-01-03,22.880754525959127,1.000118180593872
2020-01-04,12.265705245601977,3.7521486288991346
2020-01-05,8.86153666127912,7.941260461699342
2020-01-06,15.26400318078742,2.6936215931985155
2020-01-07,21.36866468743873,6.103514648069122
2020-01-08,24.903830544832125,5.137061754206085
2020-01-09,17.14455766174934,8.950451197094608
2020-01-10,17.659208618403643,6.617831024043132
2020-01-11,18.811903724031268,0.910845899590792
2020-01-12,16.02436430531394,8.73374426397032
2020-01-13,12.661967520728833,8.81224630143419
2020-01-14,28.55348821302104,5.22365233214559
2020-01-15,22.74553783778996,1.9214238845185505
2020-01-16,12.823412600284364,9.866459313781633
2020-01-17,19.318178824453888,8.54291284924363
2020-01-18,25.260425260377158,9.957086548765423
2020-01-19,18.78640411129533,6.41301782460932
2020-01-20,17.49227421755902,7.344888746123629
2020-01-21,21.171302931349317,1.2659674074244454
2020-01-22,28.571634690195765,6.307879567432862
2020-01-23,12.422882824587461,3.008172710278557
2020-01-24,19.171872754725108,4.3004386758951005
2020-01-25,10.612360044716038,6.8137069839589435
2020-01-26,23.396041861929966,7.301764117865066
2020-01-27,23.107251879032496,9.350335949244597
2020-01-28,16.501159742297066,0.45091962167604804
2020-01-29,26.037018409319383,7.472524805043247
2020-01-30,16.52727167406561,7.499516884160885
2020-01-31,29.75163047500343,2.004835697632922
2020-02-01,21.407410201827812,8.177552943484756
2020-02-02,31.375268951059976,3.3539709785754446
2020-02-03,20.83694832327726,7.8750580460140975
2020-02-04,9.936050577291358,2.036476374007148
2020-02-05,22.25944787221718,7.578039057218794
2020-02-06,21.93296462258007,7.937450133418159
2020-02-07,14.868639316287076,6.178423072609178
2020-02-08,12.751618551775312,7.604340463133178
2020-02-09,20.194330052273497,1.8057599061308394
2020-02-10,23.256366628292575,3.9401065411856537
2020-02-11,12.588383265567515,3.031699535828438
2020-02-12,16.73876782151734,2.7163519178435616
2020-02-13,20.278703489408944,7.550244801501339
2020-02-14,24.468972671351455,4.058118515796666
2020-02-15,30.673216278573324,4.937035323892697
2020-02-16,18.493861752977963,9.305127509165633
2020-02-17,19.601124114026383,6.0579092979893545
2020-02-18,22.16846795214042,5.018131165279076
2020-02-19,13.338884972095336,0.4517443929467846
2020-02-20,26.88195045312174,9.549908405349317
2020-02-21,17.597949759158336,5.67741951137203
2020-02-22,28.11674346334344,3.002289428378002
2020-02-23,17.910673696448992,6.661976014833408
2020-02-24,20.134191539089926,6.085606545913701
2020-02-25,16.323185539572236,2.0652072684523204
2020-02-26,15.377837964569181,2.4337692253975494
2020-02-27,15.15209489885044,3.5524662507485183
2020-02-28,15.936764522492997,0.3096927654796966
2020-02-29,20.344669880308413,9.34842559929371
2020-03-01,20.794507081893926,3.3230985743542476
2020-03-02,21.983230412692084,5.058498512464058
2020-03-03,21.619379278873957,0.3881388441385403
2020-03-04,12.24270974733539,3.7123492428387603
2020-03-05,8.442971931176931,8.944310476093852
2020-03-06,15.96912686787027,9.77598219851956
2020-03-07,30.049818076892656,9.452499489172638
2020-03-08,25.255279986380074,9.149336194856456
2020-03-09,15.868305294224154,5.9556646720299184
2020-03-10,25.739064348043588,5.764708446803059
2020-03-11,16.392369770683313,4.216583257869528
2020-03-12,23.92314031818887,4.65019878396081
2020-03-13,23.702625200734115,2.88852157001692
2020-03-14,17.311132344617906,6.662901252591454
2020-03-15,20.837259963691565,1.0089712314732369
2020-03-16,21.063773670317126,6.095431856189464
2020-03-17,23.653672784213896,6.79632668301995
2020-03-18,26.1522547733081,0.010403100039493296
2020-03-19,21.935708418051316,0.7586951202279169
2020-03-20,27.37288122893863,0.053303871869428976
2020-03-21,8.418273030167127,0.5352110294355239
2020-03-22,21.22929782486257,4.686263210322428
2020-03-23,23.99248225642495,9.279184752372293
2020-03-24,26.268332457750986,8.020575053973255
2020-03-25,28.97005828141153,1.9775651972684838
2020-03-26,20.697486412641215,5.500158161542855
2020-03-27,22.841280606422448,8.08069978150141
2020-03-28,10.314436059227159,7.610400218344543
2020-03-29,19.83705985738304,2.9887424223105574
2020-03-30,25.516939543946343,7.424486641260696
2020-03-31,14.92575975136437,1.631004969519766
2020-04-01,21.531793549662105,0.7385348802425962
2020-04-02,25.19714435885516,7.341903479686257
2020-04-03,17.389895978912893,5.578681442460617
2020-04-04,29.140127344284643,2.5554210216042703
2020-04-05,19.381630816376358,0.4790465211238304
2020-04-06,16.499292196911412,1.0989272009797202
2020-04-07,18.602671648599163,6.00172705169382
2020-04-08,18.45193950948501,0.3757467127234648
2020-04-09,22.29007340812766,1.3435924129620092
2020-04-10,24.95753700447559,5.500323977539992
2020-04-11,28.236598755946158,3.762955542352371
2020-04-12,27.408492181568796,8.493414187420965
2020-04-13,29.978841115493477,7.016038255419094
2020-04-14,23.100739937525923,3.529672418933311
2020-04-15,14.572740465246351,7.400386211428667
2020-04-16,19.32964814617598,3.4979554844107907
2020-04-17,20.09539456033335,7.502757033173787
2020-04-18,19.01114133833748,3.4298187960210615
2020-04-19,17.815590379989775,8.83778755016971
2020-04-20,20.92179531738728,6.923080015014381
2020-04-21,20.997971313918296,4.6977033170878135
2020-04-22,16.61184000724311,5.868765239857962
2020-04-23,21.302252635087566,3.178241153676584
2020-04-24,24.20365976978323,2.4237718007166587
2020-04-25,26.319978067104817,9.177498911032952
2020-04-26,19.090444886493742,6.716061876404435
2020-04-27,15.608647094656174,7.966582925578307
2020-04-28,14.093694423436988,8.592759852851465
2020-04-29,23.11142017257314,9.098316470863812
2020-04-30,15.698994115920367,6.0727160563288685
2020-05-01,21.009977358671712,3.635638629583383
2020-05-02,27.29952757770974,1.740986952062581
2020-05-03,14.57599266864057,7.498463974620515
2020-05-04,15.660063062723626,5.314170696730693
2020-05-05,19.19658848070884,0.30059693035933144
2020-05-06,15.281398745324685,1.7687481822574969
2020-05-07,23.993531827276858,0.9726090886808691
2020-05-08,15.753636783130972,4.930589738356868
2020-05-09,18.186381050771907,6.81011026364447
2020-05-10,30.59533600641354,7.418488110875944
2020-05-11,18.86461591675564,9.201173602441992
2020-05-12,18.704247895941815,4.951250886421338
2020-05-13,11.466593583588601,0.39673054115840545
2020-05-14,14.797879265491753,8.651199127030596
2020-05-15,19.380232769326334,1.7976992677455272
2020-05-16,20.237731334218832,7.21953753942715
2020-05-17,27.958989773576427,2.9594341537316415
2020-05-18,18.605008058804486,9.188324325720176
2020-05-19,19.601449700662954,3.277094012606041
2020-05-20,27.17642096798637,4.324179927098202
2020-05-21,19.69217805591655,8.436245974320528
2020-05-22,10.405759836025204,4.95786944759471
2020-05-23,21.70399230550658,0.6479303840487938
2020-05-24,25.154392262578806,6.502071872448845
2020-05-25,19.821344569828,8.218212388156616
2020-05-26,33.908802365818296,4.370043253125722
2020-05-27,29.585330104187243,2.36263692438877
2020-05-28,17.296642255052838,9.572642170454975
2020-05-29,20.830546989377346,9.620592034928853
2020-05-30,28.358823200663632,4.877914677510411
2020-05-31,16.882882967231843,5.435167616431237
2020-06-01,18.25374771309654,7.602254898775847
2020-06-02,20.862112044765617,8.562602641480915
2020-06-03,13.155161770926952,3.8451162568816013
2020-06-04,19.570854815033957,8.369411218865364
2020-06-05,17.940029972781385,8.28764252139332
2020-06-06,14.28421457184486,3.8717679431930065
2020-06-07,15.678988294882831,2.314076381017456
2020-06-08,18.620411285269498,6.69804534031729
2020-06-09,20.611651194310856,1.556840134947246
2020-06-10,25.26476770710409,6.159188444651296
2020-06-11,22.212001946411227,8.86720891865098
2020-06-12,24.050372151880726,1.9696353891890894
2020-06-13,19.49106309820608,5.532945296795473
2020-06-14,18.54490108812567,9.12669213523005
2020-06-15,19.419166318966834,9.262670476656634
2020-06-16,15.09602539372126,6.1561505269574655
2020-06-17,19.5304885696847,6.15522580118669
2020-06-18,21.492803502843945,6.334429082666025
2020-06-19,20.57605495000118,0.15413368424436746
2020-06-20,16.225902686586515,4.027245531122972
2020-06-21,13.968038018659167,6.104378210512249
2020-06-22,14.22313165139001,9.32279928848133
2020-06-23,18.75542912776789,2.036617415087878
2020-06-24,29.26159176757462,1.4123701827700352
2020-06-25,28.450931938567074,3.092095851698348
2020-06-26,16.431138797199008,5.348445517658678
2020-06-27,18.982609768074596,8.322575528465126
2020-06-28,20.28274884137378,2.1257679580185975
2020-06-29,21.32380637765183,0.4049446981836524
2020-06-30,24.313832636918523,9.36052977439177
2020-07-01,17.007707677755004,4.5812076842870635
2020-07-02,13.641936617066216,0.8701097126879664
2020-07-03,18.324189345365554,0.6082576891367131
2020-07-04,29.335103811135316,3.037291252743856
2020-07-05,24.822976652912214,8.553229326224303
2020-07-06,17.630416595754387,7.891287239213074
2020-07-07,18.770751961052184,4.9008686910709
2020-07-08,17.646652950284814,9.746887876584484
2020-07-09,9.592587675540912,8.974746162159061
2020-07-10,25.342015463072663,9.23340738305307
2020-07-11,21.606789484623842,5.350386893188378
2020-07-12,20.171662355031817,5.72228423348251
2020-07-13,19.563012048677468,1.6474137920481091
2020-07-14,17.93789156579967,6.131172766001933
2020-07-15,15.485911815372061,2.8960940604957064
2020-07-16,23.168428179318624,1.8470102204026606
2020-07-17,12.87671955566298,9.07297318699095
2020-07-18,25.978183812051718,5.281620228858861
2020-07-19,7.353854254209635,6.03199658843848
2020-07-20,19.494455231754745,0.5889452107012638
2020-07-21,15.973055854242283,9.700844643040135
2020-07-22,18.088053897162002,1.415783565606037
2020-07-23,17.116280651232238,3.7850505178562974
2020-07-24,27.520679460860755,5.75967761191015
2020-07-25,16.19183450172679,9.239360398892059
2020-07-26,16.87933075834589,5.8268011609239085
2020-07-27,23.212033712206996,2.364507071315728
2020-07-28,19.491505564909605,9.166066021103193
2020-07-29,25.695685705545543,1.7385672067658486
2020-07-30,16.9679608677733,5.265979671849798
2020-07-31,25.058999948120256,8.059233625342483
2020-08-01,22.84070689906336,7.724661154157042
2020-08-02,22.62123882346407,5.2310341134203275
2020-08-03,20.016267367577377,4.160204515139818
2020-08-04,18.13176603729704,1.6029384851327277
2020-08-05,18.91672025898185,6.288719469910252
2020-08-06,19.214149399610264,9.721726756283562
2020-08-07,23.847242365421675,2.8349626139669226
2020-08-08,17.454804579759468,7.6719112187973595
2020-08-09,12.342500136268155,6.409675239117765
2020-08-10,16.42815751395113,8.914972982948296
2020-08-11,23.334970582340137,3.1754399635025674
2020-08-12,10.717127203946177,6.396172361222105
2020-08-13,27.126411944629922,1.0385108657656783
2020-08-14,12.296009287769172,4.450281807889548
2020-08-15,24.58624889172729,5.692811936224568
2020-08-16,19.038232055610543,6.7449712307734275
2020-08-17,15.08349287747365,1.0758967808667508
2020-08-18,23.82851694931056,4.952551752885396
2020-08-19,8.850212386544516,7.774331690563682
2020-08-20,27.145510108589608,4.386066445933256
2020-08-21,12.79444097679044,0.7816486644645348
2020-08-22,14.763797723026865,5.510685940111518
2020-08-23,13.014346037359466,1.7473452845671122
2020-08-24,13.356611714192248,5.782899282469681
2020-08-25,16.240995180727126,0.469867244134613
2020-08-26,10.684369702197598,9.845764522049423
2020-08-27,28.4622990845371,7.133700569963072
2020-08-28,25.90522951384137,6.412202208156952
2020-08-29,26.05029033708719,3.392492795585491
2020-08-30,24.5437688740588,2.3666294699159707
2020-08-31,21.696191659542475,0.9942234757483792
2020-09-01,25.90915697824422,8.94647968684284
2020-09-02,31.407115144133122,3.4565920813206583
2020-09-03,12.729967434162118,9.341561118723023
2020-09-04,21.98748405511431,1.9348420291044888
2020-09-05,18.89089536239475,3.1521046917325704
2020-09-06,14.334123736765765,2.986236896801012
2020-09-07,14.718720255735516,4.372951565208538
2020-09-08,11.066374808187712,0.3086403732843801
2020-09-09,24.667662042472966,8.165609921957905
2020-09-10,18.633331274398028,6.354275266241479
2020-09-11,22.004532516740163,9.664935377611656
2020-09-12,26.885143917580294,2.492665135670138
2020-09-13,18.0526453854702,8.468196571288647
2020-09-14,28.133243915659055,8.1286059912721
2020-09-15,25.859713748932368,7.892725043450772
2020-09-16,17.45377068234577,1.1193393814612784
2020-09-17,25.130176094725975,6.0978578792433344
2020-09-18,19.31869484121573,4.625107299477796
2020-09-19,20.376717458189813,6.876585711478076
2020-09-20,20.27360073322016,5.324990118884858
2020-09-21,17.68267660733553,5.958529983349983
2020-09-22,17.272241586300243,6.547210043319072
2020-09-23,15.98278628667243,3.821760477142747
2020-09-24,18.229678118513583,9.919059498500259
2020-09-25,19.89482059496247,2.7635529745535345
2020-09-26,21.15234705382072,5.315960029198662
2020-09-27,24.656304006254118,6.277420666032475
2020-09-28,22.667824605814303,5.63396401811848
2020-09-29,23.253571029787484,0.45898708468079974
2020-09-30,20.985134812642496,6.1331485754764
2020-10-01,27.35654589117118,1.9481072366066354
2020-10-02,24.9936304616731,0.5768297730449257
2020-10-03,9.820187842027671,8.262162918749546
2020-10-04,31.88891615590133,8.535524896782258
2020-10-05,23.519756006298856,4.02237167456962
2020-10-06,18.394752780976084,1.4604331163272288
2020-10-07,8.006776814058515,3.1043733587454057
2020-10-08,24.70494724927823,3.0841052774716804
2020-10-09,23.66571483821639,0.7371662690200675
2020-10-10,22.637144605901387,6.6516754742052555
2020-10-11,23.708553495436355,7.20754113348126
2020-10-12,22.42579755301701,1.4161937356526155
2020-10-13,16.110971730574033,9.03061970676533
2020-10-14,19.385438748618554,0.04826202737001184
2020-10-15,23.08434644865794,1.3912234806994828
2020-10-16,26.435777423313766,9.844469137855917
2020-10-17,22.33107981504572,7.284577721728543
2020-10-18,16.566295639353665,4.517894600081317
2020-10-19,16.914965903549156,0.1572314510339068
2020-10-20,19.161988473039944,9.211582123495557
2020-10-21,18.786517330291353,0.5258681623439532
2020-10-22,23.633926590685082,1.3112743561448192
2020-10-23,18.03687040454191,8.58416297016447
2020-10-24,20.12332154649669,5.34273242213041
2020-10-25,21.707104373063043,9.504130853665565
2020-10-26,18.79703480814682,7.856325158444367
2020-10-27,19.90504511443622,4.082694613870843
2020-10-28,16.368553440859962,6.502069369807213
2020-10-29,22.90828393441537,3.798931323873708
2020-10-30,23.427648899698095,8.295992344207981
2020-10-31,20.719691770082374,7.400519386911302
2020-11-01,17.62443225982606,0.8612853226467543
2020-11-02,17.45217517894473,5.262617377823614
2020-11-03,25.435491584842897,7.763011522545137
2020-11-04,15.591119569698941,7.888923484526742
2020-11-05,15.472185560260009,5.9577619793695575
2020-11-06,20.523210770169666,8.375842795119242
2020-11-07,26.28557447067138,6.859239688587082
2020-11-08,20.00229729512317,7.284306669480244
2020-11-09,20.290744440297047,9.506016303424614
2020-11-10,15.345153934802294,8.566432214551861
2020-11-11,16.910931067510084,8.229836228762938
2020-11-12,21.282917981348408,3.5862347252962357
2020-11-13,14.087690586372073,7.663564882189933
2020-11-14,16.047685221756414,4.910267398024403
2020-11-15,20.830579537399583,6.073997347467706
2020-11-16,12.931640005164867,7.9094355059838195
2020-11-17,18.995656605658642,2.076925899208791
2020-11-18,20.70167415884034,2.2281316868932133
2020-11-19,19.360104266278412,5.504686607927479
2020-11-20,29.257285997317513,6.435248210378324
2020-11-21,23.61465218107397,6.0269849088965906
2020-11-22,11.74562446436466,6.231548898881487
2020-11-23,25.104594424345102,3.0373630341355695
2020-11-24,19.13042126625283,1.581658848417562
2020-11-25,28.261206759213245,0.3016444435042409
2020-11-26,23.30967678247445,2.485032474856074
2020-11-27,21.05034084122906,1.216901143451553
2020-11-28,18.368326871621516,7.462992436954758
2020-11-29,26.622542386239616,4.106615824095979
2020-11-30,14.655596990419905,6.441094719786614
2020-12-01,19.623531851740506,2.632298645154376
2020-12-02,27.749660434978026,1.042032279333932
2020-12-03,15.11168674129218,9.437432043145801
2020-12-04,11.177848930291313,9.663042633140936
2020-12-05,25.59657274891135,0.7857611516558516
2020-12-06,20.693782468107074,9.704852985179311
2020-12-07,17.812336316855298,3.9907741086398696
2020-12-08,19.331503980914864,9.603028438866973
2020-12-09,21.125564693920772,4.818103156781765
2020-12-10,13.82043702147527,5.667056525646931
2020-12-11,24.30641112338412,5.6372020900972775
2020-12-12,17.82905662477541,0.6280544598887661
2020-12-13,19.774376960574614,2.045943990127732
2020-12-14,24.35961797625058,1.2422681613859243
2020-12-15,22.161773308109648,9.249891044850928
2020-12-16,17.700816629046166,1.6493513195601195
2020-12-17,20.998093172102156,2.722320434532998
2020-12-18,13.690829570008002,3.5432905321213006
2020-12-19,11.700194910500985,0.55023278854892
2020-12-20,19.641751249755,8.126291954764927
2020-12-21,19.247250759455493,5.144196928611695
2020-12-22,22.475535367994073,4.353063382819417
2020-12-23,6.0128245547469525,2.4706047582474344
2020-12-24,14.73685246841083,9.604850473482667
2020-12-25,24.188654609329937,6.921347434540791
2020-12-26,21.30588750574774,8.231372439947606
2020-12-27,21.140225403856526,9.16395078943377
2020-12-28,15.864694551689393,8.54359360644364
2020-12-29,27.12142779098259,4.430272491668225
2020-12-30,18.704324153603526,1.7226538646967182
2020-12-31,17.756815672393287,3.053487586832971
2021-01-01,27.47966286059529,6.487011755701516
2021-01-02,24.119216873662843,2.422757505216935
2021-01-03,17.66910479343818,1.4494093602378744
2021-01-04,21.319173192649323,2.1424451992750915
2021-01-05,16.936764598142148,1.3459878308000373
2021-01-06,11.990361318997659,0.608377667991461
2021-01-07,20.85363070358089,3.1690306353628115
2021-01-08,21.328954610636988,0.7882645977135261
2021-01-09,20.84929852367665,0.4789970524691023
2021-01-10,17.01538304357097,7.812248896625237
2021-01-11,19.60371813170892,6.331584577241237
2021-01-12,27.67824054548096,3.0389144066920903
2021-01-13,23.475417158108357,5.414611870315125
2021-01-14,15.818508353379922,0.9456156652307723
2021-01-15,21.278947034826537,4.80102482463708
2021-01-16,16.873976072102668,4.337849725384274
2021-01-17,23.924809586143677,1.920295669108285
2021-01-18,19.074196159521048,7.141246892666759
2021-01-19,21.256129520826793,3.4221191268889184
2021-01-20,20.194123081851284,0.45717007343134
2021-01-21,12.64972521939738,9.990798026885223
2021-01-22,27.78533713846066,8.269096747436013
2021-01-23,14.386983361112065,6.990318158788217
2021-01-24,23.53636308837839,5.143363064883651
2021-01-25,27.127155716776667,3.8591101726134758
2021-01-26,24.57675394316946,3.038813578845062
2021-01-27,8.378706273716253,9.80788144800967
2021-01-28,23.358727500925564,0.5354492955730072
2021-01-29,21.26605603361851,4.8293905195694995
2021-01-30,12.593504716839064,9.950687406308745
2021-01-31,28.011844989333113,2.8296516276260797
2021-02-01,26.478930050709845,8.738164217794798
2021-02-02,19.504641653585555,8.961754280204488
2021-02-03,20.81125826569366,4.742057410850707
2021-02-04,13.628872877675297,2.4558182495786274
2021-02-05,12.342177834886806,9.646919125889134
2021-02-06,21.52727573247949,2.254444718841946
2021-02-07,15.378202510758912,5.693156755622766
2021-02-08,21.00681804420045,4.746208399492419
2021-02-09,15.043397792079576,7.445663965604048
2021-02-10,18.34671998494485,1.4037130338012371
2021-02-11,13.8946546417361,4.548675435551556
2021-02-12,20.381695232587383,7.525896441855445
2021-02-13,17.28292560005329,6.313679574164093
2021-02-14,18.708434206339536,0.7316857731569137
2021-02-15,22.069131154774684,1.3947890999005086
2021-02-16,11.328415806044633,1.274522676374199
2021-02-17,24.2423196521064,8.782946245550288
2021-02-18,23.450561976788023,1.9080551053583583
2021-02-19,18.75444485560026,8.049067015855202
2021-02-20,19.109715101067334,9.625326689242428
2021-02-21,33.152984360336966,2.6627323953181206
2021-02-22,17.089355487692327,0.3884134957968799
2021-02-23,15.751543909731122,0.19460427926894286
2021-02-24,18.245286554428727,6.694255109329888
2021-02-25,25.98083410481296,4.045255534369571
2021-02-26,17.044542561625995,3.0485340525838653
2021-02-27,18.074281354989893,0.2412904709301189
2021-02-28,18.53806547452629,6.606146823809701
2021-03-01,27.234686899811415,7.160814461896145
2021-03-02,19.351118998533536,4.491061178122493
2021-03-03,9.244018362014737,4.220585501328924
2021-03-04,26.015012171819244,5.425416628288731
2021-03-05,18.35793978904555,8.849529246517015
2021-03-06,33.6413859717511,7.239377993877846
2021-03-07,25.477333952883978,2.03736673213002
2021-03-08,11.496607081123287,0.02068987424555968
2021-03-09,29.000742844584018,4.424867564260614
2021-03-10,21.55638119310163,3.15941014886693
2021-03-11,19.677126391673063,8.190984350388886
2021-03-12,22.699759305370126,1.962697424928257
2021-03-13,18.249241235643957,7.864032322797594
2021-03-14,17.4910541020532,5.396670321533881
2021-03-15,26.5271429987423,7.5949755901352365
2021-03-16,20.81438250965065,0.045839202138905355
2021-03-17,21.993345124042584,5.775483911291447
2021-03-18,13.11382322823211,3.2393144066796165
2021-03-19,19.586906581098784,9.601915941128633
2021-03-20,18.363993518937942,6.555885106520604
2021-03-21,12.263355352172375,6.809327047234635
2021-03-22,15.704005487103952,1.4036896419328904
2021-03-23,20.814468181312566,0.3541209731288397
2021-03-24,13.430075740552418,8.926578693686489
2021-03-25,20.902338388084438,0.22957511200886627
2021-03-26,21.258262568480433,8.168934317693628
2021-03-27,23.918763639689328,3.43559785455719
2021-03-28,22.525022819828756,5.477823314134842
2021-03-29,14.760323112307532,5.659726117803298
2021-03-30,20.976264371660594,2.654216521865739
2021-03-31,18.449935072160475,4.303371318713714
2021-04-01,18.680797570015365,3.4290716014634413
2021-04-02,19.261109267999018,7.4212021976026
2021-04-03,22.635567447787253,5.403766374948966
2021-04-04,22.717439495559297,0.47204735141900933
2021-04-05,17.24550273602596,2.607062605831442
2021-04-06,18.290511146243972,5.8759281164328145
2021-04-07,26.08792752870574,8.538360812185337
2021-04-08,18.833427870984313,8.985956595017427
2021-04-09,28.806387483710548,9.59037147597822
2021-04-10,21.174422057194615,6.7345029365244935
2021-04-11,15.099228852357315,9.689413075570908
2021-04-12,27.052809064936383,9.14618622040401
2021-04-13,21.403658519583253,8.019741212961026
2021-04-14,19.259973710993137,5.297399605431396
2021-04-15,18.290491245087846,5.312659428939465
2021-04-16,20.064412534485385,1.3719101724719185
2021-04-17,22.014250795808888,5.993805590937949
2021-04-18,20.52835640164416,2.846612932166077
2021-04-19,18.29838152865653,5.538202933502441
2021-04-20,25.979725780829206,8.108420348925039
2021-04-21,13.419908643531791,1.5148493925906914
2021-04-22,18.065350227234493,1.1768168322123784
2021-04-23,31.53474393948938,1.3603316005893795
2021-04-24,17.26723970242692,0.2924097724858654
2021-04-25,18.450118064607434,0.7779393973731974
2021-04-26,20.85061935048744,4.12743433898007
2021-04-27,20.05592004225338,4.954326300493923
2021-04-28,18.18964967488955,2.7694885972264913
2021-04-29,14.117915139360555,2.1812384696816434
2021-04-30,18.973455465357265,5.411155466495208
2021-05-01,20.83862408597699,3.1456976293181294
2021-05-02,14.98955873046539,7.145241349300109
2021-05-03,20.43742671194739,1.7719594158009766
2021-05-04,21.4275315921003,4.7573837511327
2021-05-05,23.827247172795627,6.708498543799682
2021-05-06,12.051219613577928,5.423624303706584
2021-05-07,18.830060271948167,8.633706174481658
2021-05-08,24.888483446715174,9.59203671638265
2021-05-09,9.840933673850342,8.20901612328532
2021-05-10,25.740185693190533,1.2216037116206035
2021-05-11,30.49869708275022,5.272274838100003
2021-05-12,27.89266293775687,1.8760339644799084
2021-05-13,16.308811127732785,4.506731685691361
2021-05-14,14.999815651474407,5.063896665496443
2021-05-15,25.270007136973547,5.6010940533929325
2021-05-16,12.689800182571895,2.405906748432225
2021-05-17,17.185754545710616,5.747222609144719
2021-05-18,14.630278892168803,5.568259254433055
2021-05-19,20.665410605103435,9.371746968924334
2021-05-20,21.678088909378523,8.178945450161466
2021-05-21,17.241039714805844,9.446206432518295
2021-05-22,16.74242160469428,8.335112693255947
2021-05-23,30.86641496778084,9.206509860738612
2021-05-24,21.3953036347258,8.16529526948637
2021-05-25,23.160069805557306,2.9491105798352235
2021-05-26,13.495375101417288,3.3355377856090818
2021-05-27,25.548233743347488,9.217063750666332
2021-05-28,16.997507720111795,3.121097175317292
2021-05-29,10.089989570065551,7.00784576753744
2021-05-30,19.59882133111023,1.9312611187047968
2021-05-31,21.292808594256773,6.746320227805875
2021-06-01,7.129070875730976,8.780770876388766
2021-06-02,16.219122774432066,2.762873371294882
2021-06-03,18.313084656240417,7.977174374039034
2021-06-04,18.066983924231558,5.529145054755
2021-06-05,19.456853472768554,4.89897553597568
2021-06-06,16.292310776227872,4.450827393600357
2021-06-07,23.010756457931752,3.3425540812549634
2021-06-08,23.91198906066994,9.519125113059083
2021-06-09,19.297552751554875,5.3166555082804665
2021-06-10,15.59631852803371,5.014070704515871
2021-06-11,18.0746714290897,0.7806987293248824
2021-06-12,21.399098671884424,8.89790640038829
2021-06-13,20.638311958470908,6.855657726395453
2021-06-14,22.736815983077154,4.682478397057802
2021-06-15,22.85202301441464,4.1097416190234615
2021-06-16,7.125511009067759,4.0117275192755635
2021-06-17,22.40171066919999,8.810461363504738
2021-06-18,27.28251958012296,7.100734498914541
2021-06-19,17.9688947909916,6.901773791020979
2021-06-20,16.71841173122898,2.63460697487798
2021-06-21,23.28088865678907,9.2716097343589
2021-06-22,27.0326771927568,4.593059675070794
2021-06-23,19.005065995188254,2.0394025654041545
2021-06-24,24.567492061410398,4.9728520247424965
2021-06-25,22.22490054135059,7.213040680719084
2021-06-26,19.815917685157352,7.604088045339963
2021-06-27,11.660521206927628,5.901538944916992
2021-06-28,25.266797832599003,8.426667897581329
2021-06-29,32.289626210710715,0.9494452979019585
2021-06-30,25.45343538218782,4.291200022410971
2021-07-01,22.343832567302968,7.37881848400006
2021-07-02,11.515266916858371,2.301302583782334
2021-07-03,22.295257846696458,6.736071878120882
2021-07-04,23.415403164520157,9.977483076520361
2021-07-05,25.04707867536487,7.22069911248067
2021-07-06,30.773077450449605,8.195597920895995
2021-07-07,19.148026122701083,5.344524808977531
2021-07-08,18.782477572312548,9.017096084728681
2021-07-09,14.850563416578801,4.3861480646793884
2021-07-10,26.443140400167646,1.9786844710267448
2021-07-11,19.023109022617362,3.1863651852307076
2021-07-12,20.216810171359118,9.041823223617895
2021-07-13,15.470302434558711,4.159036371374974
2021-07-14,18.632075141556484,5.1598470930944815
2021-07-15,21.448941265517206,1.119681739428996
2021-07-16,14.099306215274686,1.6034296876427845
2021-07-17,11.18781976483911,9.50046692496597
2021-07-18,13.13720511704323,1.0470689380996667
2021-07-19,22.002834323330198,9.31887375557064
2021-07-20,24.566904103580416,7.185462154828745
2021-07-21,14.142576198359833,4.246285301364875
2021-07-22,20.57128692261811,2.8767669759374934
2021-07-23,16.80282277308677,2.871601389508174
2021-07-24,16.37522046090273,6.14088258579015
2021-07-25,30.359110432396,7.35985918372684
2021-07-26,21.86217727993945,7.71466552181474
2021-07-27,20.53544876627326,5.682359171981482
2021-07-28,20.75999063442309,9.405232964377834
2021-07-29,36.05210238432737,8.363190742072504
2021-07-30,17.9375878140362,7.4757813587345225
2021-07-31,21.013529528168164,9.008210185096127
2021-08-01,22.420386891774008,7.056758771265771
2021-08-02,18.91127307739319,2.624551079437264
2021-08-03,17.82167428659162,7.676119483654822
2021-08-04,18.328367655395386,1.9528248995322461
2021-08-05,22.40262420653196,6.739488344088525
2021-08-06,23.594546453797303,9.609582138431175
2021-08-07,22.063898991376014,7.733219154388442
2021-08-08,25.78089349065639,7.411659018588127
2021-08-09,24.64299721570713,6.247754526819504
2021-08-10,19.36636056092026,6.714590307898569
2021-08-11,17.805709482582415,5.3456070408679555
2021-08-12,24.232072756531263,7.725252747912721
2021-08-13,20.631576343852387,0.9261652234370066
2021-08-14,21.071706583495896,0.21444112205806998
2021-08-15,20.32696544147047,0.622055819286681
2021-08-16,25.506988301419078,4.618510631511706
2021-08-17,22.14321025376021,4.552120911847694
2021-08-18,11.534237146349062,9.526725833081453
2021-08-19,19.221796691119625,2.890297580364589
2021-08-20,34.448329026468066,8.302987981764181
2021-08-21,13.05085593513865,3.6528520419475417
2021-08-22,15.00578593648153,7.693960902250901
2021-08-23,16.84322053467007,8.73094823304861
2021-08-24,22.782189482334537,8.852897630496058
2021-08-25,23.91659582822895,4.663781585007136
2021-08-26,23.57291816455701,5.512289144991809
2021-08-27,17.11016071421633,0.12437371074937698
2021-08-28,27.80733303116602,1.5203140680993532
2021-08-29,25.379635188383944,0.5205651202379247
2021-08-30,17.085853188941712,0.26405293546795217
2021-08-31,24.19883116420012,4.395994972460681
2021-09-01,26.386804895504497,7.067129809088262
2021-09-02,27.022594458832053,6.887544500513837
2021-09-03,20.70194743991779,8.979597225889268
2021-09-04,16.489164735979646,4.016930956577695
2021-09-05,17.943989796013607,9.934332199987413
2021-09-06,9.679460855605269,0.44282625463430536
2021-09-07,26.21329484271794,3.3025984937662067
2021-09-08,24.804232096176637,0.12929766698464573
2021-09-09,26.824836927346468,8.96276373873486
2021-09-10,18.4976789485634,3.604464808642832
2021-09-11,14.79423113997243,1.798014173712692
2021-09-12,25.05059123741968,4.609681495978619
2021-09-13,20.67888558368539,3.1975329313747713
2021-09-14,17.12359532416489,7.665331798835772
2021-09-15,22.314155485722534,5.1455319431324344
2021-09-16,20.539772340762134,2.62685859521935
2021-09-17,23.778327422148077,1.5762700195929036
2021-09-18,24.432546305517036,5.8944914873474366
2021-09-19,24.62018543908548,6.005269937754227
2021-09-20,12.00339093594766,6.608579854097264
2021-09-21,21.254290975849795,8.994440797242039
2021-09-22,14.358222512885218,1.0991350200697536
2021-09-23,15.313834653544983,7.0803527275068765
2021-09-24,20.859024119773487,1.6114310169033408
2021-09-25,21.846727340705772,3.0266636510337763
2021-09-26,24.524724579449796,7.38987939192728
2021-09-27,22.190116174209614,3.881517150446967
2021-09-28,23.237209805004486,3.2442557013451143
2021-09-29,23.20837534137553,7.604867105060954
2021-09-30,28.2895929912494,0.506381194120672
2021-10-01,17.379188862429977,2.870840179998119
2021-10-02,19.17530858263428,3.9077729220699053
2021-10-03,25.49435682895608,2.570452729837509
2021-10-04,13.87466664352408,4.600775263453994
2021-10-05,26.459753830305633,9.323486308962478
2021-10-06,23.09868757499138,3.6791440793375196
2021-10-07,21.215197374442454,4.425904279537958
2021-10-08,11.435972900335132,3.364606777637781
2021-10-09,17.581908340402286,3.6781791166787525
2021-10-10,21.868676091449192,9.032659160682606
2021-10-11,18.238148637105457,0.6037663281675631
2021-10-12,18.507324496920557,5.1618407451213875
2021-10-13,18.369723164509196,8.99337291473504
2021-10-14,15.987281093223746,8.940946540116698
2021-10-15,30.295519967680846,1.7854216743258189
2021-10-16,26.987924379628545,4.717498729483822
2021-10-17,24.627452158347985,5.154331481707298
2021-10-18,19.31867879935174,0.02030888018906274
2021-10-19,20.973192441517647,3.5859832867095056
2021-10-20,23.080492218937497,1.3690985493158514
2021-10-21,19.047937918898313,9.55311384934722
2021-10-22,14.230361967236774,9.000931571657068
2021-10-23,15.840214328477671,5.918809325099249
2021-10-24,8.184948459313265,3.6941275002436003
2021-10-25,19.048309186891878,2.0281701932472753
2021-10-26,19.84911233821422,1.6937123703842905
2021-10-27,9.891769652426179,8.324528365393565
2021-10-28,19.668533947299842,5.708540255842865
2021-10-29,20.41233862976401,0.862305203000806
2021-10-30,15.474874213675385,3.325889773191445
2021-10-31,18.850535535279295,8.605277664716317
2021-11-01,21.58966577136172,6.9600757036480605
2021-11-02,24.28455966669955,0.3629932162933813
2021-11-03,21.886987808725664,5.3692243926150685
2021-11-04,16.878223913849215,5.11609730690651
2021-11-05,17.060847826350273,7.583965189154894
2021-11-06,14.99713194305858,4.570834065918053
2021-11-07,23.373894696022152,4.224957931109562
2021-11-08,20.509126126366233,5.659033252092831
2021-11-09,19.190300341831257,4.668416287573118
2021-11-10,11.66960620892035,4.089012018818085
2021-11-11,21.481455584582722,6.0483329895608104
2021-11-12,16.11074430901407,4.621930030004439
2021-11-13,18.78537260690084,6.87309365731077
2021-11-14,21.644934055872415,1.910714775029695
2021-11-15,16.90161804764313,8.20949924316096
2021-11-16,19.57246559954094,3.243953096722062
2021-11-17,18.72572580216752,9.20733089983205
2021-11-18,18.571344910375736,9.053276667994526
2021-11-19,22.753085607458548,8.623217778022717
2021-11-20,23.55998749527843,2.72832101001359
2021-11-21,20.157809085967823,4.938193123742924
2021-11-22,15.47303968180552,5.744125139488335
2021-11-23,11.63463462708118,5.165838751335347
2021-11-24,12.50565637578068,9.522767367821876
2021-11-25,25.529077143078936,6.781050905339051
2021-11-26,13.785926465933642,3.1326442264006236
2021-11-27,8.681192453383415,4.645807264941483
2021-11-28,24.12394029127217,5.281108777771272
2021-11-29,19.047870691984393,2.882268237159231
2021-11-30,18.84968827622433,2.6152719721697304
2021-12-01,18.830851344298303,9.754250689851528
2021-12-02,14.035442859686238,4.6932024465371125
2021-12-03,18.597607244429522,0.60915401471482
2021-12-04,14.647602495820573,8.645591199020883
2021-12-05,25.136550266367372,6.020080201157716
2021-12-06,24.62495522412059,1.9257537777074296
2021-12-07,20.208226518244697,4.976949581217341
2021-12-08,23.796902393457433,3.774007694480911
2021-12-09,24.89823656025644,3.032907410147554
2021-12-10,18.141362297432476,6.964246689711166
2021-12-11,19.808407250169672,0.1236276847346307
2021-12-12,18.21688692047415,6.5419160139771755
2021-12-13,15.957371209622305,1.392466819194692
2021-12-14,21.41428355893757,7.984796291887667
2021-12-15,14.388248804026341,4.773061453460081
2021-12-16,24.31298692648955,3.949370096094267
2021-12-17,22.403492286906925,2.6101985654846436
2021-12-18,16.69804358926986,9.028785077713309
2021-12-19,20.334571355705684,4.008966313882194
2021-12-20,18.0826043707278,5.939405694497459
2021-12-21,24.52275530313457,4.851227221725889
2021-12-22,27.794948887688196,2.3475523842053727
2021-12-23,25.397976845615283,3.380810606793323
2021-12-24,18.663013098976812,1.1058323398088943
2021-12-25,18.220766761579714,0.6424934609132316
2021-12-26,20.452384160563106,3.2741343071660123
2021-12-27,25.9866692611092,9.97770203331327
2021-12-28,22.88752854665413,3.9987823128352504
2021-12-29,17.26359503520883,5.567813979052881
2021-12-30,18.889784154011227,5.014944082109986
2021-12-31,25.30073991065502,4.814624434360684
2022-01-01,23.805998447369294,7.497419331053398
2022-01-02,19.41738424546723,7.025081501618127
2022-01-03,24.861991433979945,4.291200069274424
2022-01-04,34.25389141885766,5.358666147580465
2022-01-05,19.321525293531536,2.4469015418289564
2022-01-06,23.507258704489306,8.617728960211595
2022-01-07,16.05218080734289,9.047307748870685
2022-01-08,21.94385932273324,9.48209569506049
2022-01-09,13.830855666777799,4.352843932515658
2022-01-10,13.024264790499519,3.9207594522518296
2022-01-11,25.508708148979494,4.409307084571462
2022-01-12,23.591469812639374,0.9890795056029011
2022-01-13,22.170155886976374,3.5432099065408487
2022-01-14,19.482029948706632,2.683104705844408
2022-01-15,20.926745846285257,3.1226218484954718
2022-01-16,23.84881354364385,4.888907179751199
2022-01-17,24.330053185733753,1.9853733676670526
2022-01-18,15.347342350883348,6.409478729109624
2022-01-19,18.642828101370824,3.5085708667627955
2022-01-20,14.259213771053211,1.211178888785991
2022-01-21,16.609401087488536,6.479728105599479
2022-01-22,17.227498847334303,0.6491436096751679
2022-01-23,17.740117048021613,1.8355938374556113
2022-01-24,20.58139524250311,4.053659304803563
2022-01-25,22.85509306092309,8.772882742314813
2022-01-26,21.676429630000538,4.608885556842099
2022-01-27,20.281518177317217,3.439004143620099
2022-01-28,22.035813372472305,7.989715233337897
2022-01-29,26.225191860000287,4.92037262994824
2022-01-30,18.00594587218783,6.426865236993658
2022-01-31,21.182851793956512,0.6882284293511665
2022-02-01,14.254589712508082,4.555961500996883
2022-02-02,15.934124998722265,0.25541055857551287
2022-02-03,16.569419391748568,7.101143063656443
2022-02-04,19.779534591490332,3.4196853408046355
2022-02-05,11.134024316087993,6.942722067175742
2022-02-06,22.786270131131488,3.3302927955456454
2022-02-07,18.560303855068344,7.197808564936249
2022-02-08,31.74922045745164,1.976569928486438
2022-02-09,15.317519431590984,8.6031578668761
2022-02-10,20.50298061611553,0.7571691077728737
2022-02-11,23.34097634344456,5.571144372348366
2022-02-12,24.365035527279417,7.689897522143201
2022-02-13,16.72675762216593,4.056866625031141
2022-02-14,34.668692724884664,2.7082169020633207
2022-02-15,18.701199043195285,8.33700322037034
2022-02-16,23.134249024613517,5.613972867020171
2022-02-17,15.074510907210694,1.6930052923675043
2022-02-18,22.733901191350963,1.746593409710011
2022-02-19,21.342103610682713,4.485831274083053
2022-02-20,18.68712834568656,8.150265045177715
2022-02-21,21.71364849740735,5.89801541559452
2022-02-22,26.105640768744806,8.008937776689587
2022-02-23,16.20529280125185,4.278920924066498
2022-02-24,25.943638090173692,6.7024493114849335
2022-02-25,9.705004148194998,9.948173834314334
2022-02-26,19.84645521595795,3.342523347933397
2022-02-27,27.472467972989456,1.8291640434191592
2022-02-28,22.520927725346795,3.108983675718233
2022-03-01,21.174960563218484,6.911880052072458
2022-03-02,10.887313326950732,8.95859736312947
2022-03-03,16.01715696972204,2.931065123184695
2022-03-04,29.04672490462568,3.1075096095941634
2022-03-05,22.597124782050777,0.3535859354826054
2022-03-06,30.47678230340907,0.5199100177212956
2022-03-07,15.039271159647665,0.49280171347991564
2022-03-08,27.412965001394298,4.4169344623173465
2022-03-09,15.225211351980041,3.6551610317633143
2022-03-10,12.902128588155652,3.034545604276395
2022-03-11,26.073357753945995,3.255261037426002
2022-03-12,23.39844455582525,3.2441701690399096
2022-03-13,21.44062098573231,8.513350053018613
2022-03-14,23.656552773685902,4.431275294125214
2022-03-15,11.457563266332599,0.10799830912725517
2022-03-16,26.59399017975842,8.57038825615294
2022-03-17,18.970372800188443,0.6676572865537
2022-03-18,16.13722935912541,4.059998935925448
2022-03-19,19.066025109474797,0.018478088961284556
2022-03-20,28.347984862695753,9.433357980008147
2022-03-21,26.355285403187192,7.788902425082557
2022-03-22,12.502251676718313,2.0769127806419183
2022-03-23,24.16888626253648,4.2689075641853815
2022-03-24,25.05216827694079,1.9273777330128183
2022-03-25,15.94291742321883,7.608666321289965
2022-03-26,19.47628168530756,2.0123068326847946
2022-03-27,28.08625651740844,3.1242990089367018
2022-03-28,15.508500666260533,0.31691510860891503
2022-03-29,19.436164907657894,3.7689244283441594
2022-03-30,30.07017833772486,1.3312922794673054
2022-03-31,19.411057013129675,3.150355634011678
2022-04-01,8.504414905727078,0.26769908968531597
2022-04-02,19.530713302463813,8.873278811502107
2022-04-03,23.733902980888487,4.851152520544046
2022-04-04,23.999088866530176,2.211248349701014
2022-04-05,23.300341900081403,0.15812574050529826
2022-04-06,9.728760469542074,0.5072815564920752
2022-04-07,12.773762753259824,0.2018241710265256
2022-04-08,23.184118712912362,7.889732912052883
2022-04-09,24.725369181858554,2.7187030600397843
2022-04-10,13.82574119554703,4.502839008440954
2022-04-11,18.83055444487281,2.694478822094888
2022-04-12,22.400598497141754,4.72345863667298
2022-04-13,13.67823141169757,5.431674594352394
2022-04-14,14.372335838984156,5.2005563163823325
2022-04-15,25.01518034696014,4.787774643840051
2022-04-16,20.384083324523598,9.94535486270456
2022-04-17,24.994487429730462,3.1282060839039003
2022-04-18,21.232307818546808,3.187081136577763
2022-04-19,18.229959054651346,1.2953630560038931
2022-04-20,18.538051277274434,7.228552340160298
2022-04-21,22.627757062959656,6.447861957350961
2022-04-22,29.912048143074706,8.080417535985529
2022-04-23,26.45284313213827,3.2960328715336495
2022-04-24,22.708468828072895,8.393724305463648
2022-04-25,14.804490352123812,2.317527197251543
2022-04-26,26.543926455104074,9.752567651196683
2022-04-27,14.595651455361256,9.692658395349342
2022-04-28,19.67396220706394,3.658294314200293
2022-04-29,24.043378277639015,9.028408293827914
2022-04-30,17.398116246402708,5.912223349205554
2022-05-01,17.51633628401558,1.0427269007740958
2022-05-02,15.208672347700494,0.8698360545377315
2022-05-03,24.634714127221766,7.626099366688211
2022-05-04,15.05721267811677,9.98337712447795
2022-05-05,23.143371400774512,4.104453580512388
2022-05-06,19.119150100705653,0.41277891473425754
2022-05-07,10.923265856418162,5.571916924617284
2022-05-08,26.212725891021094,6.889428711204243
2022-05-09,19.37317670959216,5.97211993612576
2022-05-10,20.728751783384393,3.562064845257771
2022-05-11,20.72456142754965,4.1935568468480415
2022-05-12,21.62734254322799,7.788257133058538
2022-05-13,24.9988087835327,8.325071901324087
2022-05-14,17.590423894162555,4.193797208807294
2022-05-15,25.867795883438326,8.58491499301908
2022-05-16,21.460708235697922,3.169426482860742
2022-05-17,20.824483653064362,2.1978055759003623
2022-05-18,27.166814213405164,0.9007231338696942
2022-05-19,22.081957482687873,3.0963189882842244
2022-05-20,23.028001538186068,7.174169642861683
2022-05-21,19.572531592659026,7.863646092313104
2022-05-22,17.3785488137938,0.8746653282509731
2022-05-23,20.159142425599168,7.895902796991696
2022-05-24,11.364980017845136,5.983138958048918
2022-05-25,8.590756145787202,2.8614124480282044
2022-05-26,28.804935114060445,6.564428040739918
2022-05-27,23.160222502683183,7.4713425442183095
2022-05-28,16.355944185234215,2.4117092198736745
2022-05-29,23.893398321514248,3.1101731897758667
2022-05-30,18.74705516174585,5.32198664651408
2022-05-31,16.411137624611435,7.626238457647778
2022-06-01,7.302163584462633,6.738711762119209
2022-06-02,9.969296242971545,2.785558216654275
2022-06-03,26.858690375652305,8.205372149473147
2022-06-04,26.15763906078827,3.3337198336030793
2022-06-05,22.162116643838147,7.521116578300289
2022-06-06,29.922591621046024,2.731299217484132
2022-06-07,17.190364979259048,2.3654276593172705
2022-06-08,23.84307333265463,4.68953154976094
2022-06-09,15.051048883197861,1.91711406226173
2022-06-10,12.89533328063768,1.126665790455138
2022-06-11,19.6436591445346,2.8809193145449674
2022-06-12,14.7762650223972,3.5993062919877437
2022-06-13,19.906251752847858,8.177905619081798
2022-06-14,16.13688593047646,5.613768025637791
2022-06-15,26.464201626242545,9.462219158837788
2022-06-16,17.10984376106976,3.6150286139029983
2022-06-17,20.825733506476187,5.495424053645169
2022-06-18,18.79788940880028,8.795444887275771
2022-06-19,13.808050160321772,0.7464217878118284
2022-06-20,22.732175468236857,7.2950846323514185
2022-06-21,24.908806858211825,5.012713766363991
2022-06-22,16.12068876417369,3.87570381894267
2022-06-23,14.856199769562869,6.879064431376473
2022-06-24,17.574998860425758,2.2007954447363822
2022-06-25,25.935078152373553,6.180388847199941
2022-06-26,17.29109984353985,5.5471880698775475
2022-06-27,12.128431895529047,5.560371420978068
2022-06-28,28.669511145318566,5.872081480451499
2022-06-29,19.634258365139328,0.5204940832434402
2022-06-30,15.588552968363944,9.132944194271207
2022-07-01,9.03153311763769,9.980787021753969
2022-07-02,21.61997622764378,4.277436685365677
2022-07-03,21.465419256616563,3.2397670073875795
2022-07-04,22.346923559084956,3.676788001343411
2022-07-05,23.635741372418572,7.1302744947489725
2022-07-06,24.551566686837358,2.251964708076409
2022-07-07,17.451410495231947,0.38710774518112334
2022-07-08,19.267753955114912,0.03286685002395151
2022-07-09,25.02247640285848,4.576235449007632
2022-07-10,20.607378959442812,3.362486795110917
2022-07-11,18.302320974888524,3.9734734976520345
2022-07-12,21.583909846816834,7.9509989752980275
2022-07-13,10.842152103005532,7.115006752262087
2022-07-14,20.214579048437127,0.2644792552781505
2022-07-15,16.9924292482265,3.447847628011811
2022-07-16,15.428816151218195,8.594959698197147
2022-07-17,27.088588416342212,7.63050363681323
2022-07-18,15.68881219897974,5.33982026130864
2022-07-19,18.253149197522912,1.615779394473641
2022-07-20,15.131610660631662,4.094944974363624
2022-07-21,11.659364686316728,0.6080889310915283
2022-07-22,25.85828381121373,3.0681301130832073
2022-07-23,17.419808350989168,9.726112837547957
2022-07-24,22.400911113764593,9.47288942189853
2022-07-25,18.46311551863334,2.9115953486499837
2022-07-26,25.654204301788354,3.698772425479465
2022-07-27,22.23417798614584,2.045133828742994
2022-07-28,25.42023681503902,6.471272380027697
2022-07-29,21.628038182787513,9.05725424736534
2022-07-30,17.208128935045558,5.58196960876451
2022-07-31,26.177005812681926,4.714070359972551
2022-08-01,17.369161022931888,7.528244508201103
2022-08-02,21.916207682391786,1.8318508017637614
2022-08-03,16.561663552148637,8.677065141524885
2022-08-04,12.26913306353645,6.469048965424587
2022-08-05,23.191271047850936,9.811121042830504
2022-08-06,20.447876717917403,2.1435767836703845
2022-08-07,20.641436831158877,3.627385172555988
2022-08-08,17.376652792602037,9.196570092982345
2022-08-09,17.353604664933226,5.55572010363335
2022-08-10,19.114659564190166,5.095526794082463
2022-08-11,14.347219384321571,1.0006761575668133
2022-08-12,11.965070027484698,7.87130225323587
2022-08-13,18.08627159167295,7.322954389900148
2022-08-14,24.216229048153878,6.061999810760549
2022-08-15,19.81019338029336,9.735482375210633
2022-08-16,22.238061917914834,8.120358336984598
2022-08-17,19.703932979494347,5.352226349074782
2022-08-18,18.697754586197508,2.6703721648603307
2022-08-19,25.4740003543061,3.61676117870228
2022-08-20,16.373707448542213,7.414531630447798
2022-08-21,17.562092473467995,1.740605782901199
2022-08-22,14.325557410906406,2.9180100319816846
2022-08-23,21.790731322612626,5.157632153696349
2022-08-24,23.137604318273194,5.230388550756376
2022-08-25,23.14840924600709,1.1477911158468557
2022-08-26,13.410025152304152,0.8061935398130671
2022-08-27,17.86750340502498,0.8942134305930372
2022-08-28,20.76556677929091,9.151187306185127
2022-08-29,17.600515654103745,5.303322972375685
2022-08-30,19.959317583208833,4.864647606564624
2022-08-31,23.095868023963014,2.808950348491802
2022-09-01,17.09675722600608,7.857219945614332
2022-09-02,16.492282294375283,2.649083698236625
2022-09-03,26.612295950919993,3.1139461094424394
2022-09-04,22.2435859117047,9.112808782856224
2022-09-05,25.028477140946848,7.682235458682706
2022-09-06,25.62365639046572,8.857689943040967
2022-09-07,22.947268439410433,2.18249602834344
2022-09-08,26.196296377092494,4.863718525329591
2022-09-09,19.205226744802587,8.485011533981366
2022-09-10,15.510759955412539,4.584820468255378
2022-09-11,21.02472419835279,3.214824501193816
2022-09-12,18.807088341528768,9.863308892901117
2022-09-13,23.934110030213077,9.55968321182919
2022-09-14,11.840092245591652,4.366494631420128
2022-09-15,30.68056975652769,1.2223144190465751
2022-09-16,23.30774318314523,2.708273292723191
2022-09-17,19.358763736125717,9.638266900098248
2022-09-18,13.145791723709484,0.4061593086276927
2022-09-19,15.976330941068305,7.291701921101516
2022-09-20,24.398924159143654,0.37512751686432866
2022-09-21,20.273502944690147,5.136961237905967
2022-09-22,24.852302849373675,2.136401462423756
2022-09-23,21.23246918552292,6.188111674931172
2022-09-24,21.819918134931566,2.56347954493351
2022-09-25,12.017141866690256,8.263632988763614
2022-09-26,13.068276200309136,6.5309009884498135
2022-09-27,29.02411456529314,5.79863652042477
2022-09-28,19.655863070961168,0.5872842166404657
2022-09-29,30.098365967077253,1.1592611528394214
2022-09-30,13.048932561825266,8.81654419797818
2022-10-01,16.163400933528173,2.739101325931358
2022-10-02,15.087482926936772,0.5882466321639979
2022-10-03,22.340124159249736,9.079502442489776
2022-10-04,17.680955001827023,9.056263938171995
2022-10-05,23.35528747047746,4.5076676740054245
2022-10-06,28.629494409928263,7.460520877717073
2022-10-07,24.77821479486706,6.153010124134909
2022-10-08,24.55541956347746,7.52682620214021
2022-10-09,16.820593518199622,8.405245630472134
2022-10-10,21.640518178328417,4.120395013777403
2022-10-11,23.606080496757397,2.5581420436480706
2022-10-12,19.132067340988446,5.14463044320472
2022-10-13,23.6427175476101,5.0931525272054685
2022-10-14,16.531650715101552,3.1133556544320715
2022-10-15,22.98312932127938,9.419392003783582
2022-10-16,25.1116215716738,8.067379965562349
2022-10-17,24.070120324417637,3.584451442578472
2022-10-18,25.882709901000688,9.360248131929982
2022-10-19,22.024728704781662,6.881498033313989
2022-10-20,21.64118753317819,5.547990929023524
2022-10-21,16.03604417729133,4.710278539115506
2022-10-22,26.123198791965905,0.27652839856556755
2022-10-23,20.945801180474618,6.938092631785619
2022-10-24,21.602711067409164,6.7897778865983796
2022-10-25,21.332668289214283,9.632857472822398
2022-10-26,27.361996935530417,0.9488968612144211
2022-10-27,26.944130614318944,2.254143188231328
2022-10-28,12.762572698561597,5.094418471215942
2022-10-29,19.19882888245373,9.575408414649452
2022-10-30,21.593728578205727,1.311038031678159
2022-10-31,19.72202069479264,1.3473357256061025
2022-11-01,26.151660656263164,2.140149033640081
2022-11-02,12.79649525653481,5.439127849226159
2022-11-03,23.101925998790577,4.333123975759024
2022-11-04,26.121232664620383,6.3939651201533945
2022-11-05,19.024379809349384,4.435467416432994
2022-11-06,20.685375421607286,9.506034336911927
2022-11-07,18.622307684954333,7.836079683331015
2022-11-08,23.966373875438542,4.842043946526725
2022-11-09,17.828317943587354,2.188869088311286
2022-11-10,22.42512852488193,6.296408536673952
2022-11-11,31.85310421656323,4.3927988568931395
2022-11-12,15.40272360055024,5.027991621465777
2022-11-13,20.307764695325858,8.04277385044778
2022-11-14,25.53512626535757,9.514098997406665
2022-11-15,23.19403948452821,1.1490132750309212
2022-11-16,20.77312064894504,7.596498718061653
2022-11-17,12.571383556304227,2.604935584928343
2022-11-18,19.926262674236384,6.254790139725102
2022-11-19,29.27544111501903,0.4307789869774281
2022-11-20,15.072190285333754,8.472331474200795
2022-11-21,26.461903108069283,8.325632453629218
2022-11-22,16.501236300500803,7.608156496931429
2022-11-23,21.724236477833045,5.956324785392143
2022-11-24,13.454891619099088,2.833452901716338
2022-11-25,18.49392869700811,6.992868020226181
2022-11-26,27.83649612887041,4.350909182513049
2022-11-27,27.7024186140825,8.694824271240568
2022-11-28,21.880093269541817,1.548225283030783
2022-11-29,25.498376674206124,2.9275273455226647
2022-11-30,25.733921003938573,7.3701722621252586
2022-12-01,19.925512138346853,5.9070116192108255
2022-12-02,12.619087810610198,4.234057635208077
2022-12-03,19.49525859634627,6.141690090361664
2022-12-04,14.536353795497613,6.127061150464444
2022-12-05,12.924553417733463,6.593296467939877
2022-12-06,22.796951313234356,7.307455700290195
2022-12-07,22.57186142572817,3.2079931820082273
2022-12-08,13.290901722504504,6.979735226902017
2022-12-09,20.47466412137255,4.017357259112222
2022-12-10,19.619374676830606,4.27326248827736
2022-12-11,14.598108189295145,2.9951372415064736
2022-12-12,11.403816972249395,7.230552227445614
2022-12-13,29.395167215206698,9.922582573544169
2022-12-14,16.560029041884043,1.1041863119259954
2022-12-15,13.63947581450314,6.004951437386271
2022-12-16,21.585284130898856,0.11808539769757265
2022-12-17,28.716444183413838,8.995951179006624
2022-12-18,7.273419200154951,0.7778201274269347
2022-12-19,18.52646733925985,8.728102705782359
2022-12-20,14.508965476906145,3.466979192556283
2022-12-21,20.616921918990275,5.282402951607708
2022-12-22,27.338108351803193,4.611635032956571
2022-12-23,18.744450891985966,1.7834865883456097
2022-12-24,24.39758010963673,9.612395536454558
2022-12-25,15.638318869561319,4.423336178241925
2022-12-26,23.4712631595998,2.2294309971860726
2022-12-27,18.338254667292688,9.600159588411204
2022-12-28,17.008085206223992,8.240831870081815
2022-12-29,14.629410939892065,5.288787305881297
2022-12-30,24.18278938182126,1.2647464006822984
2022-12-31,9.216790867193312,5.817774082155422
2023-01-01,19.68007011185885,3.038747554197525
2023-01-02,21.393762945322912,2.9481606006174466
2023-01-03,19.070416162960477,4.671602290785334
2023-01-04,23.35732811861653,0.7739280548491101
2023-01-05,19.409813385018285,8.521631327740563
2023-01-06,17.154750875980003,8.90836191256362
2023-01-07,27.600901843259045,7.485641963125916
2023-01-08,27.19734194937899,1.3179452997027252
2023-01-09,24.193966237899005,1.014097724805273
2023-01-10,17.667248345327714,3.3535078704383894
2023-01-11,19.098193990249822,5.320803536358776
2023-01-12,15.965064555243902,1.3212125509551453
2023-01-13,18.534582152758198,3.237195842037112
2023-01-14,17.56353412832866,5.788979971213079
2023-01-15,20.965286571729905,6.972047412658374
2023-01-16,26.36491494681013,6.173113306363343
2023-01-17,18.979130540437204,0.5418011917055232
2023-01-18,20.935741979308776,0.5079207925368368
2023-01-19,23.284861590112303,2.996529710823812
2023-01-20,19.65541549539127,0.024134298368105878
2023-01-21,17.168456335849314,6.811362988535437
2023-01-22,13.024666708093608,5.043430671764263
2023-01-23,15.884719586882136,8.209633571258411
2023-01-24,17.090055712823347,4.777546886200157
2023-01-25,14.351852566140122,8.002915204550717
2023-01-26,21.289874766195933,7.498804227368492
2023-01-27,28.17029093516817,3.6710564948997537
2023-01-28,18.975363103438365,8.963432485850785
2023-01-29,20.74243413816262,6.629716495027421
2023-01-30,23.65908324645571,2.0058065422404248
2023-01-31,27.239547664909054,2.784291089933011
2023-02-01,14.100478527973916,5.128198738315621
2023-02-02,21.08025048244991,0.9435811221554657
2023-02-03,18.410837613508512,3.976173930930206
2023-02-04,13.06371039990611,9.66255533452604
2023-02-05,23.481803651232745,7.396551639250754
2023-02-06,17.525819102295223,0.9086940139705701
2023-02-07,21.356754029141754,4.871469133776639
2023-02-08,8.126548962894296,1.8563515951075515
2023-02-09,21.67338259849541,5.165953004854071
2023-02-10,19.56213175455795,8.673801058942164
2023-02-11,22.339796091315964,4.421915629526487
2023-02-12,26.683766808206506,6.195502841893186
2023-02-13,21.41960261299255,2.870796927154263
2023-02-14,14.825038949750368,7.942468659590919
2023-02-15,12.531886959281103,1.3358093507784108
2023-02-16,26.212683662467082,6.394055234447697
2023-02-17,14.590764231845446,6.3056612736124205
2023-02-18,19.53316447542627,6.048954507391238
2023-02-19,17.73227770006561,0.791398096875201
2023-02-20,21.11987868231077,6.966971951500648
2023-02-21,15.102137740361297,4.952491218962645
2023-02-22,11.372321546655673,0.3920684954734288
2023-02-23,31.417701806065935,5.252714221117505
2023-02-24,16.718963763322037,6.9775356394618715
2023-02-25,18.207773247595686,1.1328979048802923
2023-02-26,25.389530857436977,9.141484767816229
2023-02-27,21.135381592657385,9.242158871483605
2023-02-28,17.408590777057995,3.1259484595421796
2023-03-01,21.547150574657678,4.611117175374931
2023-03-02,21.833444443919877,2.9120585462889306
2023-03-03,23.620851713410012,5.557905943704355
2023-03-04,20.609654313539593,8.663764196848604
2023-03-05,18.712670356319457,0.9242957607866265
2023-03-06,14.342759139472687,8.021076714068926
2023-03-07,30.661807132729205,2.82355104280441
2023-03-08,17.500141447554935,3.1482961352339167
2023-03-09,23.438167238181162,4.164802878364561
2023-03-10,16.463813329808595,1.2172809159211584
2023-03-11,26.023588040153218,3.182966075457039
2023-03-12,29.295953357545343,1.9154491161120268
2023-03-13,25.0946622432499,4.573963658041179
2023-03-14,22.956167804179447,7.985380178658005
2023-03-15,23.079544617746627,9.3253177908206
2023-03-16,11.56421856447859,9.730972982444953
2023-03-17,12.11672424299257,2.9182946640467367
2023-03-18,10.18568026213114,1.9289197375721634
2023-03-19,31.14303103407849,3.670569729364681
2023-03-20,22.25514887719361,9.123963473159238
2023-03-21,15.616629491640394,5.341029798696127
2023-03-22,18.14885173985993,7.624087181241456
2023-03-23,16.39003040926003,1.1698589489175981
2023-03-24,23.688644166586922,6.687007050798329
2023-03-25,10.506425119050586,6.2251546859687155
2023-03-26,22.427383135394763,0.9946893492292497
2023-03-27,23.603843093803473,7.215274055516863
2023-03-28,24.414175121415703,7.596224922047369
2023-03-29,24.18319176542859,1.6768991752038642
2023-03-30,22.53857662309207,0.40328295774501477
2023-03-31,25.26940858305337,5.516629598183439
2023-04-01,21.148631698459234,2.110239655120485
2023-04-02,10.690032535624468,5.765899463434481
2023-04-03,14.205178503878644,8.32808031796226
2023-04-04,13.464340698805426,8.40555518645148
2023-04-05,25.23938843931193,1.1131232679195902
2023-04-06,15.73740721226865,2.854717645947403
2023-04-07,21.030422703928135,9.931297329081254
2023-04-08,21.794258485755375,1.8551368734720264
2023-04-09,17.637091322635683,8.030431283569596
2023-04-10,15.402790080421088,6.097901040255937
2023-04-11,14.836672151873055,3.9703590900268404
2023-04-12,21.118529227276976,1.7181470727411918
2023-04-13,22.198555538358526,8.161393591947103
2023-04-14,15.236637136784022,1.0490304551421037
2023-04-15,14.640945562415185,3.4430647864448884
2023-04-16,15.578781600091858,9.281784237178591
2023-04-17,8.486280678798714,3.8898474885424426
2023-04-18,15.7018389045903,2.9437714851744223
2023-04-19,18.299902236463275,4.079706138359626
2023-04-20,19.36540674074245,6.938121356755252
2023-04-21,12.043529897967103,1.2982157552794105
2023-04-22,20.414045303549702,8.963554867870126
2023-04-23,26.30824515526692,4.547550850212616
2023-04-24,23.392927889732302,4.594872017064437
2023-04-25,10.851296826458656,0.8118436053080968
2023-04-26,12.91643634582692,7.535121410598259
2023-04-27,17.73793799218463,6.95213114074248
2023-04-28,14.34148740855587,1.2160500814948194
2023-04-29,20.099305388626185,8.845745912066091
2023-04-30,11.662043979205016,4.526357574062048
2023-05-01,23.309408255596935,6.3735166294109815
2023-05-02,17.721166398952256,4.690529594158885
2023-05-03,26.59880587674251,8.56906524231654
2023-05-04,22.42046242001901,0.7897431702402213
2023-05-05,15.939277304422834,9.038397302781231
2023-05-06,22.739562140197798,4.7400870233724355
2023-05-07,28.45925091422179,8.435124359979138
2023-05-08,24.290154671828393,2.7034391664779434
2023-05-09,21.93445896955088,5.0870871350347615
2023-05-10,21.174512049403496,6.196654268816349
2023-05-11,19.44701326681117,8.727975427712027
2023-05-12,19.165884620520437,1.1396116193141659
2023-05-13,22.729413922273707,7.096720807375879
2023-05-14,26.37101631850893,7.665233577366712
2023-05-15,14.524525280417295,5.583240062171129
2023-05-16,21.625809288904243,7.386690864970081
2023-05-17,29.285193570731565,0.6460065532442683
2023-05-18,19.704397645123013,8.170540250043933
2023-05-19,23.469237663567036,9.85191923239183
2023-05-20,16.00426315807519,8.066406961615094
2023-05-21,20.595739841690687,7.690112442726406
2023-05-22,10.10049609106882,9.67213490619833
2023-05-23,17.497122203210733,0.8656756476883609
2023-05-24,26.343055984797946,0.23577212120746704
2023-05-25,20.40170324631298,4.40740672628499
2023-05-26,13.93723049464728,3.3044539666932216
2023-05-27,15.031208669326269,3.9795529286909934
2023-05-28,16.379398889669446,8.491345421949731
2023-05-29,14.659172009080889,5.00019708712789
2023-05-30,18.25325354285073,6.815810165875469
2023-05-31,16.400261114988115,6.187858972386968
2023-06-01,22.115892650128274,2.088709905195283
2023-06-02,22.372688929530494,3.3393081820669055
2023-06-03,18.150715186210576,9.125291206225864
2023-06-04,19.24182073276401,3.0624727433219734
2023-06-05,27.32923594170495,9.116796993526103
2023-06-06,22.17415334432308,5.113765793634641
2023-06-07,15.700578055131626,5.681942723449099
2023-06-08,18.23750528910682,8.540890961293426
2023-06-09,23.861631924888584,4.22610451839836
2023-06-10,26.46498983317079,5.726377610696902
2023-06-11,18.89460446770506,0.9720388650609335
2023-06-12,24.06591051628351,9.747313687640885
2023-06-13,20.31761443982602,7.314151067338681
2023-06-14,9.0630292681873,7.951153867099945
2023-06-15,15.553446588145913,0.8825818427249155
2023-06-16,26.942661342374002,9.000141372337275
2023-06-17,25.550227429630045,0.11017181453277458
2023-06-18,21.611795668071053,4.621655505274353
2023-06-19,15.50272111936417,6.551176264664912
2023-06-20,20.852093936641246,9.892905623426376
2023-06-21,24.257410760386733,6.3328235649122995
2023-06-22,25.679530022215804,5.241846437879895
2023-06-23,23.03199655296763,3.62579573900243
2023-06-24,18.153787173484407,2.7290165525905907
2023-06-25,26.082821623542785,8.210247041646133
2023-06-26,11.566095020309042,8.042526133658928
2023-06-27,21.649241312211565,6.109594464424205
2023-06-28,24.38894375820199,7.259788125211079
2023-06-29,21.140333890092,5.3482989619543915
2023-06-30,16.179705638246443,5.507159186210625
2023-07-01,23.76452688378277,7.003724464895257
2023-07-02,17.6693942643199,3.5539516198037813
2023-07-03,16.83170039781151,8.598845269834758
2023-07-04,16.45304228728611,8.068748718814117
2023-07-05,19.33934827512643,2.0080629606874103
2023-07-06,25.37439206975881,2.412166962064396
2023-07-07,20.653920927346178,8.05892899894063
2023-07-08,26.662026020165634,7.695523025946169
2023-07-09,24.185350453327153,1.144364356250157
2023-07-10,21.290975431814836,7.01500089201191
2023-07-11,23.14492019055623,5.656141534632977
2023-07-12,20.545788064180517,6.49956352207168
2023-07-13,24.470103862947543,3.8236047837479017
2023-07-14,19.014091661390992,9.324172658797034
2023-07-15,13.56936916618547,6.100580803702037
2023-07-16,22.85325532280381,7.980318765701835
2023-07-17,19.080371569748742,2.8737897246619406
2023-07-18,24.848721916086934,5.034883677754099
2023-07-19,24.424963084758645,4.000260629031897
2023-07-20,19.111887444103196,1.521844826759483
2023-07-21,19.19158487196465,3.466729367434953
2023-07-22,24.775348134644133,5.851139757552807
2023-07-23,25.265212081075113,2.2432961508911986
2023-07-24,23.84797486323025,3.83775785470283
2023-07-25,25.693126490632128,6.475804976431776
2023-07-26,17.911180983104476,5.7003784014640315
2023-07-27,32.31999094503703,2.4797525277325585
2023-07-28,16.661623903118045,7.879010245728658
2023-07-29,14.818747582892906,7.755422167341283
2023-07-30,26.438457707336287,4.708623803425991
2023-07-31,20.976771079871376,0.6301959688262537
2023-08-01,12.971213481917152,1.8903522702892395
2023-08-02,17.792452502744005,8.068497902151186
2023-08-03,10.37134221678366,4.165114303062567
2023-08-04,23.078157821068846,3.0874481937104847
2023-08-05,19.99976365479483,9.670959923326706
2023-08-06,22.98882055280431,5.939147883809585
2023-08-07,15.156749796098598,9.689261191281513
2023-08-08,24.792049106048292,7.713376898420585
2023-08-09,28.52748262010021,6.819297222098887
2023-08-10,14.45324246536767,5.745039896504571
2023-08-11,22.671234232902876,9.424903587201012
2023-08-12,21.931297397153696,8.099850014619788
2023-08-13,16.908690365220046,1.1255499979482908
2023-08-14,26.265245027943443,5.3255941192903675
2023-08-15,21.81169553844923,1.620176217180801
2023-08-16,20.446216173786112,4.329362981676774
2023-08-17,12.489908834572859,4.790856708991437
2023-08-18,23.12299262800661,8.363524225659413
2023-08-19,20.891273747723897,2.2822443704559356
2023-08-20,17.750405611649413,9.966017254471973
2023-08-21,23.222426136794482,2.417888128266598
2023-08-22,12.476081237231966,2.6290009293739693
2023-08-23,20.76464636653998,2.9638443167697117
2023-08-24,13.358576195517886,6.945572752654484
2023-08-25,23.85307277054535,3.85795360842088
2023-08-26,15.528776981766466,2.1249180066465625
2023-08-27,18.20101311243769,6.485981256963084
2023-08-28,19.7221114299753,5.669941345151024
2023-08-29,31.557408444848758,6.933581223028523
2023-08-30,18.21739470352104,5.7373631940602206
2023-08-31,23.98125297142822,6.5383517542944025
2023-09-01,22.110528344154954,0.29868408146785486
2023-09-02,15.589202402563616,4.420645968585676
2023-09-03,23.20451764641026,5.493689487467922
2023-09-04,20.225956349734094,8.373690331909447
2023-09-05,21.49581786685803,9.399255423220637
2023-09-06,24.955058018499194,0.2706843076538701
2023-09-07,17.850463385237656,8.608046408666812
2023-09-08,16.64425740706561,3.4221207785881735
2023-09-09,19.197983860184245,4.882120802836175
2023-09-10,16.547534243004183,2.700670319186175
2023-09-11,13.805960629970293,6.517103149742488
2023-09-12,20.547268823912415,1.04265395721303
2023-09-13,18.657501338978097,6.2501596652370335
2023-09-14,25.324743317615223,4.165783958879503
2023-09-15,19.159674906255795,9.087381988675066
2023-09-16,20.45334387351591,5.485823951319993
2023-09-17,20.68372452477552,7.501649553394666
2023-09-18,10.704198510712024,5.63309291730305
2023-09-19,11.999690655985036,6.011574608801181
2023-09-20,23.679233828553812,5.090540866080337
2023-09-21,22.387081733708346,3.847955756255855
2023-09-22,26.633781941803832,9.087156596001757
2023-09-23,13.516551625939037,6.929330387605548
2023-09-24,17.78602875948782,7.288884371127598
2023-09-25,17.089603576340252,8.34709557742061
2023-09-26,32.06164459393449,3.4552844509074507
2023-09-27,15.863805294799576,1.7619137786642036
2023-09-28,18.587585019397896,7.021718854742122
2023-09-29,12.680204555018971,7.602612760833751
2023-09-30,13.93877008933799,8.383467515296246
2023-10-01,20.81048654476802,4.644904119719047
2023-10-02,19.19296560067535,2.635039425625889
2023-10-03,15.208651599019968,9.267607392986728
2023-10-04,26.51024204733436,3.617248366501226
2023-10-05,14.169714091284657,2.9172004120787287
2023-10-06,13.494231943741173,4.684156393493291
2023-10-07,16.642662218443846,7.6148015802582165
2023-10-08,17.847470373262244,0.4468533344510095
2023-10-09,26.16733788341019,3.433804353427863
2023-10-10,16.371745258283163,4.1886858433204734
2023-10-11,16.066661643016758,6.088427695608006
2023-10-12,19.830490619460242,4.251736813212609
2023-10-13,28.249784821340437,9.826818197184416
2023-10-14,16.45715874949178,9.062698470743863
2023-10-15,24.09682073260892,3.3253347654069065
2023-10-16,24.602158765262537,7.491650017374903
2023-10-17,20.684441282618575,4.807871016937835
2023-10-18,23.827370648876254,2.0020787006991156
2023-10-19,16.788138937095205,9.864493115214845
2023-10-20,18.037657149416557,8.37864824410319
2023-10-21,25.72459019205949,1.736488605849541
2023-10-22,21.58799251520183,8.656781564321212
2023-10-23,18.174521875189242,0.21648283485110054
2023-10-24,24.703511131221223,4.668326517755439
2023-10-25,19.249769703458284,2.2404357971570574
2023-10-26,25.91384090668415,1.095465675652415
2023-10-27,19.256507446261267,0.43511623075745076
2023-10-28,17.78869518548099,1.8915789462057764
2023-10-29,13.635232384453488,9.426942063574732
2023-10-30,24.81990402392254,8.036282120952503
2023-10-31,23.41493612566968,2.264029117544313
2023-11-01,14.299610425947685,7.210420195279204
2023-11-02,22.036156403337145,7.414518486763219
2023-11-03,24.018161945246796,1.9521058024096294
2023-11-04,27.922544487330683,5.770415794547494
2023-11-05,19.198942039171467,6.87336055030049
2023-11-06,24.828658510859107,5.401417859345317
2023-11-07,20.563889895531204,1.2959449508194487
2023-11-08,16.425538018244882,7.354429001621088
2023-11-09,9.006452016665953,1.7970970920629814
2023-11-10,18.85446930158487,6.9014509178499175
2023-11-11,22.28873270544605,9.441019063756595
2023-11-12,20.356098477376253,5.348877658070145
2023-11-13,21.184253530606156,6.442492292641524
2023-11-14,18.354203510197383,1.6609760341609847
2023-11-15,20.62944635866549,6.938781142316753
2023-11-16,18.06305751655642,4.771922615769303
2023-11-17,21.294859222653038,8.059614076511178
2023-11-18,11.484846114367267,4.0672967958122115
2023-11-19,13.221435085213965,1.7506715925703664
2023-11-20,18.45522569446239,9.414405437011407
2023-11-21,17.466993888447146,7.457554159958535
2023-11-22,14.91154305924702,6.677999566911387
2023-11-23,20.62064393079246,1.3430890841329934
2023-11-24,12.492556454722578,5.074104745958518
2023-11-25,18.786558629360528,3.985022539348292
2023-11-26,15.464598375020987,1.989554902887647
2023-11-27,17.64153049507138,0.12962853564535748
2023-11-28,20.478275643935646,5.5341192717954275
2023-11-29,13.369040280188122,5.230084854473346
2023-11-30,14.288295634477475,1.2182142858821388
2023-12-01,17.572237908255808,1.4530519521908758
2023-12-02,19.612279625141262,7.849497907992431
2023-12-03,22.152059939246023,3.4700119699006615
2023-12-04,23.63193957580513,8.840982382158009
2023-12-05,19.967132545358922,9.472855336017357
2023-12-06,21.78837800172362,7.346055122971338
2023-12-07,20.417569291145714,8.613396886699627
2023-12-08,21.00124180124197,9.469689330504883
2023-12-09,22.00362020818555,7.993982125906911
2023-12-10,16.97018809411835,8.458883289886348
2023-12-11,21.56831751440608,0.04294023062914931
2023-12-12,23.653754195077124,4.09551502370782
2023-12-13,18.77120624494809,3.655747705118939
2023-12-14,18.727692574996883,5.205870524560565
2023-12-15,15.577533538587549,5.379210896672065
2023-12-16,20.860269133010103,2.3493923791440317
2023-12-17,14.064073486735463,6.353371701394195
2023-12-18,8.692010397860752,5.161008544413058
2023-12-19,16.534091529548572,1.2567370059563543
2023-12-20,20.280353419982028,4.991631436515483
2023-12-21,19.979960742090654,6.754042827554625
2023-12-22,20.458540287828868,5.072851705631257
2023-12-23,23.721104511985747,5.232723554225405
2023-12-24,19.371534135634608,0.3643396975987989
2023-12-25,26.871453506516065,2.198174063293142
2023-12-26,10.941724363154902,5.586878079024656
2023-12-27,13.50017506772868,8.421521819016949
2023-12-28,24.28829805975127,1.0025005647492613
2023-12-29,11.591532231946509,1.9512734659562958
2023-12-30,17.541692435549717,2.22279892215877
2023-12-31,19.308537976902297,3.13648241563679
